ORIGINAL.FILENAME,ORIGINAL.SHORT_NAME,DATASET.LONG_NAME,DATASET.SHORT_NAME,DATASET.PERSISTENT_ID,DATASET.DESCRIPTION,DATASET_POLICY.ACCESS_TYPE,DATASET_POLICY.VIEW_ONLINE,DATASET_CITATION.CREATOR,DATASET_CITATION.RELEASE_DATE_LONG,DATASET_CITATION.VERSION,DATASET_LOCATION_POLICY.BASE_PATH,DATASET_LOCATION_POLICY.TYPE
OCEAN_SURFACE_FRESHWATER_FLUXES_day_mean_1992-01-01_ECCO_V4r4_latlon_0p50deg.nc,ECCO_L4_FRESH_FLUX_05DEG_DAILY_V4R4,ECCO Ocean and Sea-Ice Surface Freshwater Fluxes - Daily Mean 0.5 Degree (Version 4 release 4),ECCO_L4_FRESH_FLUX_05DEG_DAILY_V4R4,PODAAC-ECG5D-FRE44,"This dataset provides daily average surface freshwater fluxes interpolated to a regular 0.5-degree grid as one component of a suite of ocean state estimates computed in ECCO Version 4 revision 4. ""Estimating the Circulation and Climate of the Ocean"" (ECCO) is a data assimilating model that produces optimized estimates of ocean state and flux. ECCO Version 4 release 4 (V4r4) constrains a global circulation model (MITgcm^) with diverse datasets that include satellite altimetry products like sea surface height (SSH); data derived from observations of earth’s gravity field like ocean bottom pressure (OBP); observations from diverse in situ sources like Argo, CTD, XBT, ITP, APB, Glider, and TAO mooring temperature and salinity; and numerous other datasets. ECCO V4r4 is the first of the model’s multi-decadal ocean state estimates to cover the Arctic Ocean and provide truly global coverage. It’s also the first to assimilate observations from GRACE (ocean bottom pressure) and Aquarius (sea surface salinity), and the first covering 2016 and 2017. This release represents the 25 year period from 1992 to 2017.",OPEN,N,ECCO,8/15/2020,V4r4,file:///store/ecco/open/L4/V4/R4/half_deg_grid_lat_lon/ocean_sea_ice_fresh_flux/daily,ARCHIVE-OPEN
OCEAN_SURFACE_FRESHWATER_FLUXES_mon_mean_1992-01_ECCO_V4r4_latlon_0p50deg.nc,ECCO_L4_FRESH_FLUX_05DEG_MONTHLY_V4R4,ECCO Ocean and Sea-Ice Surface Freshwater Fluxes - Monthly Mean 0.5 Degree (Version 4 release 4),ECCO_L4_FRESH_FLUX_05DEG_MONTHLY_V4R4,PODAAC-ECG5M-FRE44,"This dataset provides monthly average surface freshwater fluxes interpolated to a regular 0.5-degree grid as one component of a suite of ocean state estimates computed in ECCO Version 4 revision 4. ""Estimating the Circulation and Climate of the Ocean"" (ECCO) is a data assimilating model that produces optimized estimates of ocean state and flux. ECCO Version 4 release 4 (V4r4) constrains a global circulation model (MITgcm^) with diverse datasets that include satellite altimetry products like sea surface height (SSH); data derived from observations of earth’s gravity field like ocean bottom pressure (OBP); observations from diverse in situ sources like Argo, CTD, XBT, ITP, APB, Glider, and TAO mooring temperature and salinity; and numerous other datasets. ECCO V4r4 is the first of the model’s multi-decadal ocean state estimates to cover the Arctic Ocean and provide truly global coverage. It’s also the first to assimilate observations from GRACE (ocean bottom pressure) and Aquarius (sea surface salinity), and the first covering 2016 and 2017. This release represents the 25 year period from 1992 to 2017.",OPEN,N,ECCO,8/15/2020,V4r4,file:///store/ecco/open/L4/V4/R4/half_deg_grid_lat_lon/ocean_sea_ice_fresh_flux/monthly,ARCHIVE-OPEN
OCEAN_SURFACE_FRESHWATER_FLUXES_snap_1992-01-01T000000_ECCO_V4r4_native_llc0090.nc,ECCO_L4_FRESH_FLUX_LLC0090GRID_SNAPSHOT_V4R4,ECCO Ocean and Sea-Ice Surface Freshwater Fluxes - Snapshot llc90 Grid (Version 4 release 4),ECCO_L4_FRESH_FLUX_LLC0090GRID_SNAPSHOT_V4R4,PODAAC-ECL5S-FRE44,"This dataset provides a snapshot of  surface freshwater fluxes on the native Lat-Lon-Cap 90 (LLC90) grid used for data assimilation as one component of a suite of ocean state estimates computed in ECCO Version 4 revision 4. ""Estimating the Circulation and Climate of the Ocean"" (ECCO) is a data assimilating model that produces optimized estimates of ocean state and flux. ECCO Version 4 release 4 (V4r4) constrains a global circulation model (MITgcm^) with diverse datasets that include satellite altimetry products like sea surface height (SSH); data derived from observations of earth’s gravity field like ocean bottom pressure (OBP); observations from diverse in situ sources like Argo, CTD, XBT, ITP, APB, Glider, and TAO mooring temperature and salinity; and numerous other datasets. ECCO V4r4 is the first of the model’s multi-decadal ocean state estimates to cover the Arctic Ocean and provide truly global coverage. It’s also the first to assimilate observations from GRACE (ocean bottom pressure) and Aquarius (sea surface salinity), and the first covering 2016 and 2017. This release represents the 25 year period from 1992 to 2017.",OPEN,N,ECCO,8/15/2020,V4r4,file:///store/ecco/open/L4/V4/R4/native_grid_llc0090/ocean_sea_ice_fresh_flux/snapshot,ARCHIVE-OPEN
OCEAN_SURFACE_FRESHWATER_FLUXES_day_mean_1992-01-01_ECCO_V4r4_native_llc0090.nc,ECCO_L4_FRESH_FLUX_LLC0090GRID_DAILY_V4R4,ECCO Ocean and Sea-Ice Surface Freshwater Fluxes - Daily Mean llc90 Grid (Version 4 release 4),ECCO_L4_FRESH_FLUX_LLC0090GRID_DAILY_V4R4,PODAAC-ECL5D-FRE44,"This dataset provides daily average surface freshwater fluxes on the native Lat-Lon-Cap 90 (LLC90) grid used for data assimilation as one component of a suite of ocean state estimates computed in ECCO Version 4 revision 4. ""Estimating the Circulation and Climate of the Ocean"" (ECCO) is a data assimilating model that produces optimized estimates of ocean state and flux. ECCO Version 4 release 4 (V4r4) constrains a global circulation model (MITgcm^) with diverse datasets that include satellite altimetry products like sea surface height (SSH); data derived from observations of earth’s gravity field like ocean bottom pressure (OBP); observations from diverse in situ sources like Argo, CTD, XBT, ITP, APB, Glider, and TAO mooring temperature and salinity; and numerous other datasets. ECCO V4r4 is the first of the model’s multi-decadal ocean state estimates to cover the Arctic Ocean and provide truly global coverage. It’s also the first to assimilate observations from GRACE (ocean bottom pressure) and Aquarius (sea surface salinity), and the first covering 2016 and 2017. This release represents the 25 year period from 1992 to 2017.",OPEN,N,ECCO,8/15/2020,V4r4,file:///store/ecco/open/L4/V4/R4/native_grid_llc0090/ocean_sea_ice_fresh_flux/daily,ARCHIVE-OPEN
OCEAN_SURFACE_FRESHWATER_FLUXES_mon_mean_1992-01_ECCO_V4r4_native_llc0090.nc,ECCO_L4_FRESH_FLUX_LLC0090GRID_MONTHLY_V4R4,ECCO Ocean and Sea-Ice Surface Freshwater Fluxes - Monthly Mean llc90 Grid (Version 4 release 4),ECCO_L4_FRESH_FLUX_LLC0090GRID_MONTHLY_V4R4,PODAAC-ECL5M-FRE44,"This dataset provides monthly average surface freshwater fluxes on the native Lat-Lon-Cap 90 (LLC90) grid used for data assimilation as one component of a suite of ocean state estimates computed in ECCO Version 4 revision 4. ""Estimating the Circulation and Climate of the Ocean"" (ECCO) is a data assimilating model that produces optimized estimates of ocean state and flux. ECCO Version 4 release 4 (V4r4) constrains a global circulation model (MITgcm^) with diverse datasets that include satellite altimetry products like sea surface height (SSH); data derived from observations of earth’s gravity field like ocean bottom pressure (OBP); observations from diverse in situ sources like Argo, CTD, XBT, ITP, APB, Glider, and TAO mooring temperature and salinity; and numerous other datasets. ECCO V4r4 is the first of the model’s multi-decadal ocean state estimates to cover the Arctic Ocean and provide truly global coverage. It’s also the first to assimilate observations from GRACE (ocean bottom pressure) and Aquarius (sea surface salinity), and the first covering 2016 and 2017. This release represents the 25 year period from 1992 to 2017.",OPEN,N,ECCO,8/15/2020,V4r4,file:///store/ecco/open/L4/V4/R4/native_grid_llc0090/ocean_sea_ice_fresh_flux/monthly,ARCHIVE-OPEN
SURFACE_HEAT_FLUXES_day_mean_1992-01-01_ECCO_V4r4_latlon_0p50deg.nc,ECCO_L4_HEAT_FLUX_05DEG_DAILY_V4R4,ECCO Ocean and Sea-Ice Surface Heat Fluxes - Daily Mean 0.5 Degree (Version 4 release 4),ECCO_L4_HEAT_FLUX_05DEG_DAILY_V4R4,PODAAC-ECG5D-HEA44,"This dataset provides daily average surface heat fluxes interpolated to a regular 0.5-degree grid as one component of a suite of ocean state estimates computed in ECCO Version 4 revision 4. ""Estimating the Circulation and Climate of the Ocean"" (ECCO) is a data assimilating model that produces optimized estimates of ocean state and flux. ECCO Version 4 release 4 (V4r4) constrains a global circulation model (MITgcm^) with diverse datasets that include satellite altimetry products like sea surface height (SSH); data derived from observations of earth’s gravity field like ocean bottom pressure (OBP); observations from diverse in situ sources like Argo, CTD, XBT, ITP, APB, Glider, and TAO mooring temperature and salinity; and numerous other datasets. ECCO V4r4 is the first of the model’s multi-decadal ocean state estimates to cover the Arctic Ocean and provide truly global coverage. It’s also the first to assimilate observations from GRACE (ocean bottom pressure) and Aquarius (sea surface salinity), and the first covering 2016 and 2017. This release represents the 25 year period from 1992 to 2017.",OPEN,N,ECCO,8/15/2020,V4r4,file:///store/ecco/open/L4/V4/R4/half_deg_grid_lat_lon/ocean_sea_ice_heat_flux/daily,ARCHIVE-OPEN
SURFACE_HEAT_FLUXES_mon_mean_1992-01_ECCO_V4r4_latlon_0p50deg.nc,ECCO_L4_HEAT_FLUX_05DEG_MONTHLY_V4R4,ECCO Ocean and Sea-Ice Surface Heat Fluxes - Monthly Mean 0.5 Degree (Version 4 release 4),ECCO_L4_HEAT_FLUX_05DEG_MONTHLY_V4R4,PODAAC-ECG5M-HEA44,"This dataset provides monthly average surface heat fluxes interpolated to a regular 0.5-degree grid as one component of a suite of ocean state estimates computed in ECCO Version 4 revision 4. ""Estimating the Circulation and Climate of the Ocean"" (ECCO) is a data assimilating model that produces optimized estimates of ocean state and flux. ECCO Version 4 release 4 (V4r4) constrains a global circulation model (MITgcm^) with diverse datasets that include satellite altimetry products like sea surface height (SSH); data derived from observations of earth’s gravity field like ocean bottom pressure (OBP); observations from diverse in situ sources like Argo, CTD, XBT, ITP, APB, Glider, and TAO mooring temperature and salinity; and numerous other datasets. ECCO V4r4 is the first of the model’s multi-decadal ocean state estimates to cover the Arctic Ocean and provide truly global coverage. It’s also the first to assimilate observations from GRACE (ocean bottom pressure) and Aquarius (sea surface salinity), and the first covering 2016 and 2017. This release represents the 25 year period from 1992 to 2017.",OPEN,N,ECCO,8/15/2020,V4r4,file:///store/ecco/open/L4/V4/R4/half_deg_grid_lat_lon/ocean_sea_ice_heat_flux/monthly,ARCHIVE-OPEN
SURFACE_HEAT_FLUXES_snap_1992-01-01_ECCO_V4r4_native_llc0090.nc,ECCO_L4_HEAT_FLUX_LLC0090GRID_SNAPSHOT_V4R4,ECCO Ocean and Sea-Ice Surface Heat Fluxes - Snapshot llc90 Grid (Version 4 release 4),ECCO_L4_HEAT_FLUX_LLC0090GRID_SNAPSHOT_V4R4,PODAAC-ECL5S-HEA44,"This dataset provides a snapshot of  surface heat fluxes on the native Lat-Lon-Cap 90 (LLC90) grid used for data assimilation as one component of a suite of ocean state estimates computed in ECCO Version 4 revision 4. ""Estimating the Circulation and Climate of the Ocean"" (ECCO) is a data assimilating model that produces optimized estimates of ocean state and flux. ECCO Version 4 release 4 (V4r4) constrains a global circulation model (MITgcm^) with diverse datasets that include satellite altimetry products like sea surface height (SSH); data derived from observations of earth’s gravity field like ocean bottom pressure (OBP); observations from diverse in situ sources like Argo, CTD, XBT, ITP, APB, Glider, and TAO mooring temperature and salinity; and numerous other datasets. ECCO V4r4 is the first of the model’s multi-decadal ocean state estimates to cover the Arctic Ocean and provide truly global coverage. It’s also the first to assimilate observations from GRACE (ocean bottom pressure) and Aquarius (sea surface salinity), and the first covering 2016 and 2017. This release represents the 25 year period from 1992 to 2017.",OPEN,N,ECCO,8/15/2020,V4r4,file:///store/ecco/open/L4/V4/R4/native_grid_llc0090/ocean_sea_ice_heat_flux/snapshot,ARCHIVE-OPEN
SURFACE_HEAT_FLUXES_day_mean_1992-01-01_ECCO_V4r4_native_llc0090.nc,ECCO_L4_HEAT_FLUX_LLC0090GRID_DAILY_V4R4,ECCO Ocean and Sea-Ice Surface Heat Fluxes - Daily Mean llc90 Grid (Version 4 release 4),ECCO_L4_HEAT_FLUX_LLC0090GRID_DAILY_V4R4,PODAAC-ECL5D-HEA44,"This dataset provides daily average surface heat fluxes on the native Lat-Lon-Cap 90 (LLC90) grid used for data assimilation as one component of a suite of ocean state estimates computed in ECCO Version 4 revision 4. ""Estimating the Circulation and Climate of the Ocean"" (ECCO) is a data assimilating model that produces optimized estimates of ocean state and flux. ECCO Version 4 release 4 (V4r4) constrains a global circulation model (MITgcm^) with diverse datasets that include satellite altimetry products like sea surface height (SSH); data derived from observations of earth’s gravity field like ocean bottom pressure (OBP); observations from diverse in situ sources like Argo, CTD, XBT, ITP, APB, Glider, and TAO mooring temperature and salinity; and numerous other datasets. ECCO V4r4 is the first of the model’s multi-decadal ocean state estimates to cover the Arctic Ocean and provide truly global coverage. It’s also the first to assimilate observations from GRACE (ocean bottom pressure) and Aquarius (sea surface salinity), and the first covering 2016 and 2017. This release represents the 25 year period from 1992 to 2017.",OPEN,N,ECCO,8/15/2020,V4r4,file:///store/ecco/open/L4/V4/R4/native_grid_llc0090/ocean_sea_ice_heat_flux/daily,ARCHIVE-OPEN
SURFACE_HEAT_FLUXES_mon_mean_1992-01_ECCO_V4r4_native_llc0090.nc,ECCO_L4_HEAT_FLUX_LLC0090GRID_MONTHLY_V4R4,ECCO Ocean and Sea-Ice Surface Heat Fluxes - Monthly Mean llc90 Grid (Version 4 release 4),ECCO_L4_HEAT_FLUX_LLC0090GRID_MONTHLY_V4R4,PODAAC-ECL5M-HEA44,"This dataset provides monthly average surface heat fluxes on the native Lat-Lon-Cap 90 (LLC90) grid used for data assimilation as one component of a suite of ocean state estimates computed in ECCO Version 4 revision 4. ""Estimating the Circulation and Climate of the Ocean"" (ECCO) is a data assimilating model that produces optimized estimates of ocean state and flux. ECCO Version 4 release 4 (V4r4) constrains a global circulation model (MITgcm^) with diverse datasets that include satellite altimetry products like sea surface height (SSH); data derived from observations of earth’s gravity field like ocean bottom pressure (OBP); observations from diverse in situ sources like Argo, CTD, XBT, ITP, APB, Glider, and TAO mooring temperature and salinity; and numerous other datasets. ECCO V4r4 is the first of the model’s multi-decadal ocean state estimates to cover the Arctic Ocean and provide truly global coverage. It’s also the first to assimilate observations from GRACE (ocean bottom pressure) and Aquarius (sea surface salinity), and the first covering 2016 and 2017. This release represents the 25 year period from 1992 to 2017.",OPEN,N,ECCO,8/15/2020,V4r4,file:///store/ecco/open/L4/V4/R4/native_grid_llc0090/ocean_sea_ice_heat_flux/monthly,ARCHIVE-OPEN
OCEAN_SURFACE_STRESS_day_mean_1992-01-01_ECCO_V4r4_latlon_0p50deg.nc,ECCO_L4_SURFACE_STRESS_05DEG_DAILY_V4R4,ECCO Ocean Surface Stress - Daily Mean 0.5 Degree (Version 4 release 4),ECCO_L4_SURFACE_STRESS_05DEG_DAILY_V4R4,PODAAC-ECG5D-STR44,"This dataset provides daily average ocean surface stress interpolated to a regular 0.5-degree grid as one component of a suite of ocean state estimates computed in ECCO Version 4 revision 4. ""Estimating the Circulation and Climate of the Ocean"" (ECCO) is a data assimilating model that produces optimized estimates of ocean state and flux. ECCO Version 4 release 4 (V4r4) constrains a global circulation model (MITgcm^) with diverse datasets that include satellite altimetry products like sea surface height (SSH); data derived from observations of earth’s gravity field like ocean bottom pressure (OBP); observations from diverse in situ sources like Argo, CTD, XBT, ITP, APB, Glider, and TAO mooring temperature and salinity; and numerous other datasets. ECCO V4r4 is the first of the model’s multi-decadal ocean state estimates to cover the Arctic Ocean and provide truly global coverage. It’s also the first to assimilate observations from GRACE (ocean bottom pressure) and Aquarius (sea surface salinity), and the first covering 2016 and 2017. This release represents the 25 year period from 1992 to 2017.",OPEN,N,ECCO,8/15/2020,V4r4,file:///store/ecco/open/L4/V4/R4/half_deg_grid_lat_lon/surface_stress/daily,ARCHIVE-OPEN
OCEAN_SURFACE_STRESS_mon_mean_1992-01_ECCO_V4r4_latlon_0p50deg.nc,ECCO_L4_SURFACE_STRESS_05DEG_MONTHLY_V4R4,ECCO Ocean Surface Stress - Monthly Mean 0.5 Degree (Version 4 release 4),ECCO_L4_SURFACE_STRESS_05DEG_MONTHLY_V4R4,PODAAC-ECG5M-STR44,"This dataset provides monthly average ocean surface stress interpolated to a regular 0.5-degree grid as one component of a suite of ocean state estimates computed in ECCO Version 4 revision 4. ""Estimating the Circulation and Climate of the Ocean"" (ECCO) is a data assimilating model that produces optimized estimates of ocean state and flux. ECCO Version 4 release 4 (V4r4) constrains a global circulation model (MITgcm^) with diverse datasets that include satellite altimetry products like sea surface height (SSH); data derived from observations of earth’s gravity field like ocean bottom pressure (OBP); observations from diverse in situ sources like Argo, CTD, XBT, ITP, APB, Glider, and TAO mooring temperature and salinity; and numerous other datasets. ECCO V4r4 is the first of the model’s multi-decadal ocean state estimates to cover the Arctic Ocean and provide truly global coverage. It’s also the first to assimilate observations from GRACE (ocean bottom pressure) and Aquarius (sea surface salinity), and the first covering 2016 and 2017. This release represents the 25 year period from 1992 to 2017.",OPEN,N,ECCO,8/15/2020,V4r4,file:///store/ecco/open/L4/V4/R4/half_deg_grid_lat_lon/surface_stress/monthly,ARCHIVE-OPEN
OCEAN_SURFACE_STRESS_snap_1992-01-01T000000_ECCO_V4r4_native_llc0090.nc,ECCO_L4_SURFACE_STRESS_LLC0090GRID_SNAPSHOT_V4R4,ECCO Ocean Surface Stress - Snapshot llc90 Grid (Version 4 release 4),ECCO_L4_SURFACE_STRESS_LLC0090GRID_SNAPSHOT_V4R4,PODAAC-ECL5S-STR44,"This dataset provides a snapshot of  ocean surface stress on the native Lat-Lon-Cap 90 (LLC90) grid used for data assimilation as one component of a suite of ocean state estimates computed in ECCO Version 4 revision 4. ""Estimating the Circulation and Climate of the Ocean"" (ECCO) is a data assimilating model that produces optimized estimates of ocean state and flux. ECCO Version 4 release 4 (V4r4) constrains a global circulation model (MITgcm^) with diverse datasets that include satellite altimetry products like sea surface height (SSH); data derived from observations of earth’s gravity field like ocean bottom pressure (OBP); observations from diverse in situ sources like Argo, CTD, XBT, ITP, APB, Glider, and TAO mooring temperature and salinity; and numerous other datasets. ECCO V4r4 is the first of the model’s multi-decadal ocean state estimates to cover the Arctic Ocean and provide truly global coverage. It’s also the first to assimilate observations from GRACE (ocean bottom pressure) and Aquarius (sea surface salinity), and the first covering 2016 and 2017. This release represents the 25 year period from 1992 to 2017.",OPEN,N,ECCO,8/15/2020,V4r4,file:///store/ecco/open/L4/V4/R4/native_grid_llc0090/surface_stress/snapshot,ARCHIVE-OPEN
OCEAN_SURFACE_STRESS_day_mean_1992-01-01_ECCO_V4r4_native_llc0090.nc,ECCO_L4_SURFACE_STRESS_LLC0090GRID_DAILY_V4R4,ECCO Ocean Surface Stress - Daily Mean llc90 Grid (Version 4 release 4),ECCO_L4_SURFACE_STRESS_LLC0090GRID_DAILY_V4R4,PODAAC-ECL5D-STR44,"This dataset provides daily average ocean surface stress on the native Lat-Lon-Cap 90 (LLC90) grid used for data assimilation as one component of a suite of ocean state estimates computed in ECCO Version 4 revision 4. ""Estimating the Circulation and Climate of the Ocean"" (ECCO) is a data assimilating model that produces optimized estimates of ocean state and flux. ECCO Version 4 release 4 (V4r4) constrains a global circulation model (MITgcm^) with diverse datasets that include satellite altimetry products like sea surface height (SSH); data derived from observations of earth’s gravity field like ocean bottom pressure (OBP); observations from diverse in situ sources like Argo, CTD, XBT, ITP, APB, Glider, and TAO mooring temperature and salinity; and numerous other datasets. ECCO V4r4 is the first of the model’s multi-decadal ocean state estimates to cover the Arctic Ocean and provide truly global coverage. It’s also the first to assimilate observations from GRACE (ocean bottom pressure) and Aquarius (sea surface salinity), and the first covering 2016 and 2017. This release represents the 25 year period from 1992 to 2017.",OPEN,N,ECCO,8/15/2020,V4r4,file:///store/ecco/open/L4/V4/R4/native_grid_llc0090/surface_stress/daily,ARCHIVE-OPEN
OCEAN_SURFACE_STRESS_mon_mean_1992-01_ECCO_V4r4_native_llc0090.nc,ECCO_L4_SURFACE_STRESS_LLC0090GRID_MONTHLY_V4R4,ECCO Ocean Surface Stress - Monthly Mean llc90 Grid (Version 4 release 4),ECCO_L4_SURFACE_STRESS_LLC0090GRID_MONTHLY_V4R4,PODAAC-ECL5M-STR44,"This dataset provides monthly average ocean surface stress on the native Lat-Lon-Cap 90 (LLC90) grid used for data assimilation as one component of a suite of ocean state estimates computed in ECCO Version 4 revision 4. ""Estimating the Circulation and Climate of the Ocean"" (ECCO) is a data assimilating model that produces optimized estimates of ocean state and flux. ECCO Version 4 release 4 (V4r4) constrains a global circulation model (MITgcm^) with diverse datasets that include satellite altimetry products like sea surface height (SSH); data derived from observations of earth’s gravity field like ocean bottom pressure (OBP); observations from diverse in situ sources like Argo, CTD, XBT, ITP, APB, Glider, and TAO mooring temperature and salinity; and numerous other datasets. ECCO V4r4 is the first of the model’s multi-decadal ocean state estimates to cover the Arctic Ocean and provide truly global coverage. It’s also the first to assimilate observations from GRACE (ocean bottom pressure) and Aquarius (sea surface salinity), and the first covering 2016 and 2017. This release represents the 25 year period from 1992 to 2017.",OPEN,N,ECCO,8/15/2020,V4r4,file:///store/ecco/open/L4/V4/R4/native_grid_llc0090/surface_stress/monthly,ARCHIVE-OPEN
ATM_SURFACE_TEMP_HUM_WIND_PRES_day_mean_1992-01-01_ECCO_V4r4_latlon_0p50deg.nc,ECCO_L4_ATM_PROPERTIES_05DEG_DAILY_V4R4,"ECCO Atmosphere Surface Temperature, Humidity, Wind, and Pressure - Daily Mean 0.5 Degree (Version 4 release 4)",ECCO_L4_ATM_PROPERTIES_05DEG_DAILY_V4R4,PODAAC-ECG5D-ATM44,"This dataset provides daily average atmospheric parameters interpolated to a regular 0.5-degree grid as one component of a suite of ocean state estimates computed in ECCO Version 4 revision 4. ""Estimating the Circulation and Climate of the Ocean"" (ECCO) is a data assimilating model that produces optimized estimates of ocean state and flux. ECCO Version 4 release 4 (V4r4) constrains a global circulation model (MITgcm^) with diverse datasets that include satellite altimetry products like sea surface height (SSH); data derived from observations of earth’s gravity field like ocean bottom pressure (OBP); observations from diverse in situ sources like Argo, CTD, XBT, ITP, APB, Glider, and TAO mooring temperature and salinity; and numerous other datasets. ECCO V4r4 is the first of the model’s multi-decadal ocean state estimates to cover the Arctic Ocean and provide truly global coverage. It’s also the first to assimilate observations from GRACE (ocean bottom pressure) and Aquarius (sea surface salinity), and the first covering 2016 and 2017. This release represents the 25 year period from 1992 to 2017.",OPEN,N,ECCO,8/15/2020,V4r4,file:///store/ecco/open/L4/V4/R4/half_deg_grid_lat_lon/atm_properties/daily,ARCHIVE-OPEN
ATM_SURFACE_TEMP_HUM_WIND_PRES_mon_mean_1992-01_ECCO_V4r4_latlon_0p50deg.nc,ECCO_L4_ATM_PROPERTIES_05DEG_MONTHLY_V4R4,"ECCO Atmosphere Surface Temperature, Humidity, Wind, and Pressure - Monthly Mean 0.5 Degree (Version 4 release 4)",ECCO_L4_ATM_PROPERTIES_05DEG_MONTHLY_V4R4,PODAAC-ECG5M-ATM44,"This dataset provides monthly average atmospheric parameters interpolated to a regular 0.5-degree grid as one component of a suite of ocean state estimates computed in ECCO Version 4 revision 4. ""Estimating the Circulation and Climate of the Ocean"" (ECCO) is a data assimilating model that produces optimized estimates of ocean state and flux. ECCO Version 4 release 4 (V4r4) constrains a global circulation model (MITgcm^) with diverse datasets that include satellite altimetry products like sea surface height (SSH); data derived from observations of earth’s gravity field like ocean bottom pressure (OBP); observations from diverse in situ sources like Argo, CTD, XBT, ITP, APB, Glider, and TAO mooring temperature and salinity; and numerous other datasets. ECCO V4r4 is the first of the model’s multi-decadal ocean state estimates to cover the Arctic Ocean and provide truly global coverage. It’s also the first to assimilate observations from GRACE (ocean bottom pressure) and Aquarius (sea surface salinity), and the first covering 2016 and 2017. This release represents the 25 year period from 1992 to 2017.",OPEN,N,ECCO,8/15/2020,V4r4,file:///store/ecco/open/L4/V4/R4/half_deg_grid_lat_lon/atm_properties/monthly,ARCHIVE-OPEN
ATM_SURFACE_TEMP_HUM_WIND_PRES_snap_1992-01-01T000000_ECCO_V4r4_native_llc0090.nc,ECCO_L4_ATM_PROPERTIES_LLC0090GRID_SNAPSHOT_V4R4,"ECCO Atmosphere Surface Temperature, Humidity, Wind, and Pressure - Snapshot llc90 Grid (Version 4 release 4)",ECCO_L4_ATM_PROPERTIES_LLC0090GRID_SNAPSHOT_V4R4,PODAAC-ECL5S-ATM44,"This dataset provides a snapshot of  atmospheric parameters on the native Lat-Lon-Cap 90 (LLC90) grid used for data assimilation as one component of a suite of ocean state estimates computed in ECCO Version 4 revision 4. ""Estimating the Circulation and Climate of the Ocean"" (ECCO) is a data assimilating model that produces optimized estimates of ocean state and flux. ECCO Version 4 release 4 (V4r4) constrains a global circulation model (MITgcm^) with diverse datasets that include satellite altimetry products like sea surface height (SSH); data derived from observations of earth’s gravity field like ocean bottom pressure (OBP); observations from diverse in situ sources like Argo, CTD, XBT, ITP, APB, Glider, and TAO mooring temperature and salinity; and numerous other datasets. ECCO V4r4 is the first of the model’s multi-decadal ocean state estimates to cover the Arctic Ocean and provide truly global coverage. It’s also the first to assimilate observations from GRACE (ocean bottom pressure) and Aquarius (sea surface salinity), and the first covering 2016 and 2017. This release represents the 25 year period from 1992 to 2017.",OPEN,N,ECCO,8/15/2020,V4r4,file:///store/ecco/open/L4/V4/R4/native_grid_llc0090/atm_properties/snapshot,ARCHIVE-OPEN
ATM_SURFACE_TEMP_HUM_WIND_PRES_day_mean_1992-01-01_ECCO_V4r4_native_llc0090.nc,ECCO_L4_ATM_PROPERTIES_LLC0090GRID_DAILY_V4R4,"ECCO Atmosphere Surface Temperature, Humidity, Wind, and Pressure - Daily Mean llc90 Grid (Version 4 release 4)",ECCO_L4_ATM_PROPERTIES_LLC0090GRID_DAILY_V4R4,PODAAC-ECL5D-ATM44,"This dataset provides daily average atmospheric parameters on the native Lat-Lon-Cap 90 (LLC90) grid used for data assimilation as one component of a suite of ocean state estimates computed in ECCO Version 4 revision 4. ""Estimating the Circulation and Climate of the Ocean"" (ECCO) is a data assimilating model that produces optimized estimates of ocean state and flux. ECCO Version 4 release 4 (V4r4) constrains a global circulation model (MITgcm^) with diverse datasets that include satellite altimetry products like sea surface height (SSH); data derived from observations of earth’s gravity field like ocean bottom pressure (OBP); observations from diverse in situ sources like Argo, CTD, XBT, ITP, APB, Glider, and TAO mooring temperature and salinity; and numerous other datasets. ECCO V4r4 is the first of the model’s multi-decadal ocean state estimates to cover the Arctic Ocean and provide truly global coverage. It’s also the first to assimilate observations from GRACE (ocean bottom pressure) and Aquarius (sea surface salinity), and the first covering 2016 and 2017. This release represents the 25 year period from 1992 to 2017.",OPEN,N,ECCO,8/15/2020,V4r4,file:///store/ecco/open/L4/V4/R4/native_grid_llc0090/atm_properties/daily,ARCHIVE-OPEN
ATM_SURFACE_TEMP_HUM_WIND_PRES_mon_mean_1992-01_ECCO_V4r4_native_llc0090.nc,ECCO_L4_ATM_PROPERTIES_LLC0090GRID_MONTHLY_V4R4,"ECCO Atmosphere Surface Temperature, Humidity, Wind, and Pressure - Monthly Mean llc90 Grid (Version 4 release 4)",ECCO_L4_ATM_PROPERTIES_LLC0090GRID_MONTHLY_V4R4,PODAAC-ECL5M-ATM44,"This dataset provides monthly average atmospheric parameters on the native Lat-Lon-Cap 90 (LLC90) grid used for data assimilation as one component of a suite of ocean state estimates computed in ECCO Version 4 revision 4. ""Estimating the Circulation and Climate of the Ocean"" (ECCO) is a data assimilating model that produces optimized estimates of ocean state and flux. ECCO Version 4 release 4 (V4r4) constrains a global circulation model (MITgcm^) with diverse datasets that include satellite altimetry products like sea surface height (SSH); data derived from observations of earth’s gravity field like ocean bottom pressure (OBP); observations from diverse in situ sources like Argo, CTD, XBT, ITP, APB, Glider, and TAO mooring temperature and salinity; and numerous other datasets. ECCO V4r4 is the first of the model’s multi-decadal ocean state estimates to cover the Arctic Ocean and provide truly global coverage. It’s also the first to assimilate observations from GRACE (ocean bottom pressure) and Aquarius (sea surface salinity), and the first covering 2016 and 2017. This release represents the 25 year period from 1992 to 2017.",OPEN,N,ECCO,8/15/2020,V4r4,file:///store/ecco/open/L4/V4/R4/native_grid_llc0090/atm_properties/monthly,ARCHIVE-OPEN
GM_OCEAN_BOLUS_VELOCITY_day_mean_1992-01-01_ECCO_V4r4_latlon_0p50deg.nc,ECCO_L4_BOLUS_05DEG_DAILY_V4R4,ECCO Gent-McWilliams Ocean Bolus Velocity - Daily Mean 0.5 Degree (Version 4 release 4),ECCO_L4_BOLUS_05DEG_DAILY_V4R4,PODAAC-ECG5D-BOL44,"This dataset provides daily average Gent-McWilliams ocean bolus velocity interpolated to a regular 0.5-degree grid as one component of a suite of ocean state estimates computed in ECCO Version 4 revision 4. ""Estimating the Circulation and Climate of the Ocean"" (ECCO) is a data assimilating model that produces optimized estimates of ocean state and flux. ECCO Version 4 release 4 (V4r4) constrains a global circulation model (MITgcm^) with diverse datasets that include satellite altimetry products like sea surface height (SSH); data derived from observations of earth’s gravity field like ocean bottom pressure (OBP); observations from diverse in situ sources like Argo, CTD, XBT, ITP, APB, Glider, and TAO mooring temperature and salinity; and numerous other datasets. ECCO V4r4 is the first of the model’s multi-decadal ocean state estimates to cover the Arctic Ocean and provide truly global coverage. It’s also the first to assimilate observations from GRACE (ocean bottom pressure) and Aquarius (sea surface salinity), and the first covering 2016 and 2017. This release represents the 25 year period from 1992 to 2017.",OPEN,N,ECCO,8/15/2020,V4r4,file:///store/ecco/open/L4/V4/R4/half_deg_grid_lat_lon/bolus_vel/daily,ARCHIVE-OPEN
GM_OCEAN_BOLUS_VELOCITY_mon_mean_1992-01_ECCO_V4r4_latlon_0p50deg.nc,ECCO_L4_BOLUS_05DEG_MONTHLY_V4R4,ECCO Gent-McWilliams Ocean Bolus Velocity - Monthly Mean 0.5 Degree (Version 4 release 4),ECCO_L4_BOLUS_05DEG_MONTHLY_V4R4,PODAAC-ECG5M-BOL44,"This dataset provides monthly average Gent-McWilliams ocean bolus velocity interpolated to a regular 0.5-degree grid as one component of a suite of ocean state estimates computed in ECCO Version 4 revision 4. ""Estimating the Circulation and Climate of the Ocean"" (ECCO) is a data assimilating model that produces optimized estimates of ocean state and flux. ECCO Version 4 release 4 (V4r4) constrains a global circulation model (MITgcm^) with diverse datasets that include satellite altimetry products like sea surface height (SSH); data derived from observations of earth’s gravity field like ocean bottom pressure (OBP); observations from diverse in situ sources like Argo, CTD, XBT, ITP, APB, Glider, and TAO mooring temperature and salinity; and numerous other datasets. ECCO V4r4 is the first of the model’s multi-decadal ocean state estimates to cover the Arctic Ocean and provide truly global coverage. It’s also the first to assimilate observations from GRACE (ocean bottom pressure) and Aquarius (sea surface salinity), and the first covering 2016 and 2017. This release represents the 25 year period from 1992 to 2017.",OPEN,N,ECCO,8/15/2020,V4r4,file:///store/ecco/open/L4/V4/R4/half_deg_grid_lat_lon/bolus_vel/monthly,ARCHIVE-OPEN
GM_OCEAN_BOLUS_VELOCITY_snap_1992-01-01T000000_ECCO_V4r4_native_llc0090.nc,ECCO_L4_BOLUS_LLC0090GRID_SNAPSHOT_V4R4,ECCO Gent-McWilliams Ocean Bolus Velocity - Snapshot llc90 Grid (Version 4 release 4),ECCO_L4_BOLUS_LLC0090GRID_SNAPSHOT_V4R4,PODAAC-ECL5S-BOL44,"This dataset provides a snapshot of  Gent-McWilliams ocean bolus velocity on the native Lat-Lon-Cap 90 (LLC90) grid used for data assimilation as one component of a suite of ocean state estimates computed in ECCO Version 4 revision 4. ""Estimating the Circulation and Climate of the Ocean"" (ECCO) is a data assimilating model that produces optimized estimates of ocean state and flux. ECCO Version 4 release 4 (V4r4) constrains a global circulation model (MITgcm^) with diverse datasets that include satellite altimetry products like sea surface height (SSH); data derived from observations of earth’s gravity field like ocean bottom pressure (OBP); observations from diverse in situ sources like Argo, CTD, XBT, ITP, APB, Glider, and TAO mooring temperature and salinity; and numerous other datasets. ECCO V4r4 is the first of the model’s multi-decadal ocean state estimates to cover the Arctic Ocean and provide truly global coverage. It’s also the first to assimilate observations from GRACE (ocean bottom pressure) and Aquarius (sea surface salinity), and the first covering 2016 and 2017. This release represents the 25 year period from 1992 to 2017.",OPEN,N,ECCO,8/15/2020,V4r4,file:///store/ecco/open/L4/V4/R4/native_grid_llc0090/bolus_vel/snapshot,ARCHIVE-OPEN
GM_OCEAN_BOLUS_VELOCITY_day_mean_1992-01-01_ECCO_V4r4_native_llc0090.nc,ECCO_L4_BOLUS_LLC0090GRID_DAILY_V4R4,ECCO Gent-McWilliams Ocean Bolus Velocity - Daily Mean llc90 Grid (Version 4 release 4),ECCO_L4_BOLUS_LLC0090GRID_DAILY_V4R4,PODAAC-ECL5D-BOL44,"This dataset provides daily average Gent-McWilliams ocean bolus velocity on the native Lat-Lon-Cap 90 (LLC90) grid used for data assimilation as one component of a suite of ocean state estimates computed in ECCO Version 4 revision 4. ""Estimating the Circulation and Climate of the Ocean"" (ECCO) is a data assimilating model that produces optimized estimates of ocean state and flux. ECCO Version 4 release 4 (V4r4) constrains a global circulation model (MITgcm^) with diverse datasets that include satellite altimetry products like sea surface height (SSH); data derived from observations of earth’s gravity field like ocean bottom pressure (OBP); observations from diverse in situ sources like Argo, CTD, XBT, ITP, APB, Glider, and TAO mooring temperature and salinity; and numerous other datasets. ECCO V4r4 is the first of the model’s multi-decadal ocean state estimates to cover the Arctic Ocean and provide truly global coverage. It’s also the first to assimilate observations from GRACE (ocean bottom pressure) and Aquarius (sea surface salinity), and the first covering 2016 and 2017. This release represents the 25 year period from 1992 to 2017.",OPEN,N,ECCO,8/15/2020,V4r4,file:///store/ecco/open/L4/V4/R4/native_grid_llc0090/bolus_vel/daily,ARCHIVE-OPEN
GM_OCEAN_BOLUS_VELOCITY_mon_mean_1992-01_ECCO_V4r4_native_llc0090.nc,ECCO_L4_BOLUS_LLC0090GRID_MONTHLY_V4R4,ECCO Gent-McWilliams Ocean Bolus Velocity - Monthly Mean llc90 Grid (Version 4 release 4),ECCO_L4_BOLUS_LLC0090GRID_MONTHLY_V4R4,PODAAC-ECL5M-BOL44,"This dataset provides monthly average Gent-McWilliams ocean bolus OCEAN_VELOCITY on the native Lat-Lon-Cap 90 (LLC90) grid used for data assimilation as one component of a suite of ocean state estimates computed in ECCO Version 4 revision 4. ""Estimating the Circulation and Climate of the Ocean"" (ECCO) is a data assimilating model that produces optimized estimates of ocean state and flux. ECCO Version 4 release 4 (V4r4) constrains a global circulation model (MITgcm^) with diverse datasets that include satellite altimetry products like sea surface height (SSH); data derived from observations of earth’s gravity field like ocean bottom pressure (OBP); observations from diverse in situ sources like Argo, CTD, XBT, ITP, APB, Glider, and TAO mooring temperature and salinity; and numerous other datasets. ECCO V4r4 is the first of the model’s multi-decadal ocean state estimates to cover the Arctic Ocean and provide truly global coverage. It’s also the first to assimilate observations from GRACE (ocean bottom pressure) and Aquarius (sea surface salinity), and the first covering 2016 and 2017. This release represents the 25 year period from 1992 to 2017.",OPEN,N,ECCO,8/15/2020,V4r4,file:///store/ecco/open/L4/V4/R4/native_grid_llc0090/bolus_vel/monthly,ARCHIVE-OPEN
OCEAN_BOTTOM_PRESSURE_day_mean_1992-01-01_ECCO_V4r4_latlon_0p50deg.nc,ECCO_L4_OBP_05DEG_DAILY_V4R4,ECCO Ocean Bottom Pressure - Daily Mean 0.5 Degree (Version 4 release 4),ECCO_L4_OBP_05DEG_DAILY_V4R4,PODAAC-ECG5D-OBP44,"This dataset provides daily average ocean bottom pressure interpolated to a regular 0.5-degree grid as one component of a suite of ocean state estimates computed in ECCO Version 4 revision 4. ""Estimating the Circulation and Climate of the Ocean"" (ECCO) is a data assimilating model that produces optimized estimates of ocean state and flux. ECCO Version 4 release 4 (V4r4) constrains a global circulation model (MITgcm^) with diverse datasets that include satellite altimetry products like sea surface height (SSH); data derived from observations of earth’s gravity field like ocean bottom pressure (OBP); observations from diverse in situ sources like Argo, CTD, XBT, ITP, APB, Glider, and TAO mooring temperature and salinity; and numerous other datasets. ECCO V4r4 is the first of the model’s multi-decadal ocean state estimates to cover the Arctic Ocean and provide truly global coverage. It’s also the first to assimilate observations from GRACE (ocean bottom pressure) and Aquarius (sea surface salinity), and the first covering 2016 and 2017. This release represents the 25 year period from 1992 to 2017.",OPEN,N,ECCO,8/15/2020,V4r4,file:///store/ecco/open/L4/V4/R4/half_deg_grid_lat_lon/obp/daily,ARCHIVE-OPEN
OCEAN_BOTTOM_PRESSURE_mon_mean_1992-01_ECCO_V4r4_latlon_0p50deg.nc,ECCO_L4_OBP_05DEG_MONTHLY_V4R4,ECCO Ocean Bottom Pressure - Monthly Mean 0.5 Degree (Version 4 release 4),ECCO_L4_OBP_05DEG_MONTHLY_V4R4,PODAAC-ECG5M-OBP44,"This dataset provides monthly average ocean bottom pressure interpolated to a regular 0.5-degree grid as one component of a suite of ocean state estimates computed in ECCO Version 4 revision 4. ""Estimating the Circulation and Climate of the Ocean"" (ECCO) is a data assimilating model that produces optimized estimates of ocean state and flux. ECCO Version 4 release 4 (V4r4) constrains a global circulation model (MITgcm^) with diverse datasets that include satellite altimetry products like sea surface height (SSH); data derived from observations of earth’s gravity field like ocean bottom pressure (OBP); observations from diverse in situ sources like Argo, CTD, XBT, ITP, APB, Glider, and TAO mooring temperature and salinity; and numerous other datasets. ECCO V4r4 is the first of the model’s multi-decadal ocean state estimates to cover the Arctic Ocean and provide truly global coverage. It’s also the first to assimilate observations from GRACE (ocean bottom pressure) and Aquarius (sea surface salinity), and the first covering 2016 and 2017. This release represents the 25 year period from 1992 to 2017.",OPEN,N,ECCO,8/15/2020,V4r4,file:///store/ecco/open/L4/V4/R4/half_deg_grid_lat_lon/obp/monthly,ARCHIVE-OPEN
OCEAN_BOTTOM_PRESSURE_snap_1992-01-01T000000_ECCO_V4r4_native_llc0090.nc,ECCO_L4_OBP_LLC0090GRID_SNAPSHOT_V4R4,ECCO Ocean Bottom Pressure - Snapshot llc90 Grid (Version 4 release 4),ECCO_L4_OBP_LLC0090GRID_SNAPSHOT_V4R4,PODAAC-ECL5S-OBP44,"This dataset provides a snapshot of  ocean bottom pressure on the native Lat-Lon-Cap 90 (LLC90) grid used for data assimilation as one component of a suite of ocean state estimates computed in ECCO Version 4 revision 4. ""Estimating the Circulation and Climate of the Ocean"" (ECCO) is a data assimilating model that produces optimized estimates of ocean state and flux. ECCO Version 4 release 4 (V4r4) constrains a global circulation model (MITgcm^) with diverse datasets that include satellite altimetry products like sea surface height (SSH); data derived from observations of earth’s gravity field like ocean bottom pressure (OBP); observations from diverse in situ sources like Argo, CTD, XBT, ITP, APB, Glider, and TAO mooring temperature and salinity; and numerous other datasets. ECCO V4r4 is the first of the model’s multi-decadal ocean state estimates to cover the Arctic Ocean and provide truly global coverage. It’s also the first to assimilate observations from GRACE (ocean bottom pressure) and Aquarius (sea surface salinity), and the first covering 2016 and 2017. This release represents the 25 year period from 1992 to 2017.",OPEN,N,ECCO,8/15/2020,V4r4,file:///store/ecco/open/L4/V4/R4/native_grid_llc0090/obp/snapshot,ARCHIVE-OPEN
OCEAN_BOTTOM_PRESSURE_day_mean_1992-01-01_ECCO_V4r4_native_llc0090.nc,ECCO_L4_OBP_LLC0090GRID_DAILY_V4R4,ECCO Ocean Bottom Pressure - Daily Mean llc90 Grid (Version 4 release 4),ECCO_L4_OBP_LLC0090GRID_DAILY_V4R4,PODAAC-ECL5D-OBP44,"This dataset provides daily average ocean bottom pressure on the native Lat-Lon-Cap 90 (LLC90) grid used for data assimilation as one component of a suite of ocean state estimates computed in ECCO Version 4 revision 4. ""Estimating the Circulation and Climate of the Ocean"" (ECCO) is a data assimilating model that produces optimized estimates of ocean state and flux. ECCO Version 4 release 4 (V4r4) constrains a global circulation model (MITgcm^) with diverse datasets that include satellite altimetry products like sea surface height (SSH); data derived from observations of earth’s gravity field like ocean bottom pressure (OBP); observations from diverse in situ sources like Argo, CTD, XBT, ITP, APB, Glider, and TAO mooring temperature and salinity; and numerous other datasets. ECCO V4r4 is the first of the model’s multi-decadal ocean state estimates to cover the Arctic Ocean and provide truly global coverage. It’s also the first to assimilate observations from GRACE (ocean bottom pressure) and Aquarius (sea surface salinity), and the first covering 2016 and 2017. This release represents the 25 year period from 1992 to 2017.",OPEN,N,ECCO,8/15/2020,V4r4,file:///store/ecco/open/L4/V4/R4/native_grid_llc0090/obp/daily,ARCHIVE-OPEN
OCEAN_BOTTOM_PRESSURE_mon_mean_1992-01_ECCO_V4r4_native_llc0090.nc,ECCO_L4_OBP_LLC0090GRID_MONTHLY_V4R4,ECCO Ocean Bottom Pressure - Monthly Mean llc90 Grid (Version 4 release 4),ECCO_L4_OBP_LLC0090GRID_MONTHLY_V4R4,PODAAC-ECL5M-OBP44,"This dataset provides monthly average ocean bottom pressure on the native Lat-Lon-Cap 90 (LLC90) grid used for data assimilation as one component of a suite of ocean state estimates computed in ECCO Version 4 revision 4. ""Estimating the Circulation and Climate of the Ocean"" (ECCO) is a data assimilating model that produces optimized estimates of ocean state and flux. ECCO Version 4 release 4 (V4r4) constrains a global circulation model (MITgcm^) with diverse datasets that include satellite altimetry products like sea surface height (SSH); data derived from observations of earth’s gravity field like ocean bottom pressure (OBP); observations from diverse in situ sources like Argo, CTD, XBT, ITP, APB, Glider, and TAO mooring temperature and salinity; and numerous other datasets. ECCO V4r4 is the first of the model’s multi-decadal ocean state estimates to cover the Arctic Ocean and provide truly global coverage. It’s also the first to assimilate observations from GRACE (ocean bottom pressure) and Aquarius (sea surface salinity), and the first covering 2016 and 2017. This release represents the 25 year period from 1992 to 2017.",OPEN,N,ECCO,8/15/2020,V4r4,file:///store/ecco/open/L4/V4/R4/native_grid_llc0090/obp/monthly,ARCHIVE-OPEN
OCEAN_PRES_DENS_STRAT_day_mean_1992-01-01_ECCO_V4r4_latlon_0p50deg.nc,ECCO_L4_DENSE_05DEG_DAILY_V4R4,"ECCO Ocean Density, Stratification, and Hydrostatic Pressure - Daily Mean 0.5 Degree (Version 4 release 4)",ECCO_L4_DENSE_05DEG_DAILY_V4R4,PODAAC-ECG5D-ODE44,"This dataset provides daily average ocean density, stratification, and hydrostatic pressure interpolated to a regular 0.5-degree grid as one component of a suite of ocean state estimates computed in ECCO Version 4 revision 4. ""Estimating the Circulation and Climate of the Ocean"" (ECCO) is a data assimilating model that produces optimized estimates of ocean state and flux. ECCO Version 4 release 4 (V4r4) constrains a global circulation model (MITgcm^) with diverse datasets that include satellite altimetry products like sea surface height (SSH); data derived from observations of earth’s gravity field like ocean bottom pressure (OBP); observations from diverse in situ sources like Argo, CTD, XBT, ITP, APB, Glider, and TAO mooring temperature and salinity; and numerous other datasets. ECCO V4r4 is the first of the model’s multi-decadal ocean state estimates to cover the Arctic Ocean and provide truly global coverage. It’s also the first to assimilate observations from GRACE (ocean bottom pressure) and Aquarius (sea surface salinity), and the first covering 2016 and 2017. This release represents the 25 year period from 1992 to 2017.",OPEN,N,ECCO,8/15/2020,V4r4,file:///store/ecco/open/L4/V4/R4/half_deg_grid_lat_lon/density/daily,ARCHIVE-OPEN
OCEAN_PRES_DENS_STRAT_mon_mean_1992-01_ECCO_V4r4_latlon_0p50deg.nc,ECCO_L4_DENSE_05DEG_MONTHLY_V4R4,"ECCO Ocean Density, Stratification, and Hydrostatic Pressure - Monthly Mean 0.5 Degree (Version 4 release 4)",ECCO_L4_DENSE_05DEG_MONTHLY_V4R4,PODAAC-ECG5M-ODE44,"This dataset provides monthly average ocean density, stratification, and hydrostatic pressure interpolated to a regular 0.5-degree grid as one component of a suite of ocean state estimates computed in ECCO Version 4 revision 4. ""Estimating the Circulation and Climate of the Ocean"" (ECCO) is a data assimilating model that produces optimized estimates of ocean state and flux. ECCO Version 4 release 4 (V4r4) constrains a global circulation model (MITgcm^) with diverse datasets that include satellite altimetry products like sea surface height (SSH); data derived from observations of earth’s gravity field like ocean bottom pressure (OBP); observations from diverse in situ sources like Argo, CTD, XBT, ITP, APB, Glider, and TAO mooring temperature and salinity; and numerous other datasets. ECCO V4r4 is the first of the model’s multi-decadal ocean state estimates to cover the Arctic Ocean and provide truly global coverage. It’s also the first to assimilate observations from GRACE (ocean bottom pressure) and Aquarius (sea surface salinity), and the first covering 2016 and 2017. This release represents the 25 year period from 1992 to 2017.",OPEN,N,ECCO,8/15/2020,V4r4,file:///store/ecco/open/L4/V4/R4/half_deg_grid_lat_lon/density/monthly,ARCHIVE-OPEN
OCEAN_PRES_DENS_STRAT_snap_1992-01-01T000000_ECCO_V4r4_native_llc0090.nc,ECCO_L4_DENSE_LLC0090GRID_SNAPSHOT_V4R4,"ECCO Ocean Density, Stratification, and Hydrostatic Pressure - Snapshot llc90 Grid (Version 4 release 4)",ECCO_L4_DENSE_LLC0090GRID_SNAPSHOT_V4R4,PODAAC-ECL5S-ODE44,"This dataset provides a snapshot of  ocean density, stratification, and hydrostatic pressure on the native Lat-Lon-Cap 90 (LLC90) grid used for data assimilation as one component of a suite of ocean state estimates computed in ECCO Version 4 revision 4. ""Estimating the Circulation and Climate of the Ocean"" (ECCO) is a data assimilating model that produces optimized estimates of ocean state and flux. ECCO Version 4 release 4 (V4r4) constrains a global circulation model (MITgcm^) with diverse datasets that include satellite altimetry products like sea surface height (SSH); data derived from observations of earth’s gravity field like ocean bottom pressure (OBP); observations from diverse in situ sources like Argo, CTD, XBT, ITP, APB, Glider, and TAO mooring temperature and salinity; and numerous other datasets. ECCO V4r4 is the first of the model’s multi-decadal ocean state estimates to cover the Arctic Ocean and provide truly global coverage. It’s also the first to assimilate observations from GRACE (ocean bottom pressure) and Aquarius (sea surface salinity), and the first covering 2016 and 2017. This release represents the 25 year period from 1992 to 2017.",OPEN,N,ECCO,8/15/2020,V4r4,file:///store/ecco/open/L4/V4/R4/native_grid_llc0090/density/snapshot,ARCHIVE-OPEN
OCEAN_PRES_DENS_STRAT_day_mean_1992-01-01_ECCO_V4r4_native_llc0090.nc,ECCO_L4_DENSE_LLC0090GRID_DAILY_V4R4,"ECCO Ocean Density, Stratification, and Hydrostatic Pressure - Daily Mean llc90 Grid (Version 4 release 4)",ECCO_L4_DENSE_LLC0090GRID_DAILY_V4R4,PODAAC-ECL5D-ODE44,"This dataset provides daily average ocean density, stratification, and hydrostatic pressure on the native Lat-Lon-Cap 90 (LLC90) grid used for data assimilation as one component of a suite of ocean state estimates computed in ECCO Version 4 revision 4. ""Estimating the Circulation and Climate of the Ocean"" (ECCO) is a data assimilating model that produces optimized estimates of ocean state and flux. ECCO Version 4 release 4 (V4r4) constrains a global circulation model (MITgcm^) with diverse datasets that include satellite altimetry products like sea surface height (SSH); data derived from observations of earth’s gravity field like ocean bottom pressure (OBP); observations from diverse in situ sources like Argo, CTD, XBT, ITP, APB, Glider, and TAO mooring temperature and salinity; and numerous other datasets. ECCO V4r4 is the first of the model’s multi-decadal ocean state estimates to cover the Arctic Ocean and provide truly global coverage. It’s also the first to assimilate observations from GRACE (ocean bottom pressure) and Aquarius (sea surface salinity), and the first covering 2016 and 2017. This release represents the 25 year period from 1992 to 2017.",OPEN,N,ECCO,8/15/2020,V4r4,file:///store/ecco/open/L4/V4/R4/native_grid_llc0090/density/daily,ARCHIVE-OPEN
OCEAN_PRES_DENS_STRAT_mon_mean_1992-01_ECCO_V4r4_native_llc0090.nc,ECCO_L4_DENSE_LLC0090GRID_MONTHLY_V4R4,"ECCO Ocean Density, Stratification, and Hydrostatic Pressure - Monthly Mean llc90 Grid (Version 4 release 4)",ECCO_L4_DENSE_LLC0090GRID_MONTHLY_V4R4,PODAAC-ECL5M-ODE44,"This dataset provides monthly average ocean density, stratification, and hydrostatic pressure on the native Lat-Lon-Cap 90 (LLC90) grid used for data assimilation as one component of a suite of ocean state estimates computed in ECCO Version 4 revision 4. ""Estimating the Circulation and Climate of the Ocean"" (ECCO) is a data assimilating model that produces optimized estimates of ocean state and flux. ECCO Version 4 release 4 (V4r4) constrains a global circulation model (MITgcm^) with diverse datasets that include satellite altimetry products like sea surface height (SSH); data derived from observations of earth’s gravity field like ocean bottom pressure (OBP); observations from diverse in situ sources like Argo, CTD, XBT, ITP, APB, Glider, and TAO mooring temperature and salinity; and numerous other datasets. ECCO V4r4 is the first of the model’s multi-decadal ocean state estimates to cover the Arctic Ocean and provide truly global coverage. It’s also the first to assimilate observations from GRACE (ocean bottom pressure) and Aquarius (sea surface salinity), and the first covering 2016 and 2017. This release represents the 25 year period from 1992 to 2017.",OPEN,N,ECCO,8/15/2020,V4r4,file:///store/ecco/open/L4/V4/R4/native_grid_llc0090/density/monthly,ARCHIVE-OPEN
MIXED_LAYER_DEPTH_day_mean_1992-01-01_ECCO_V4r4_latlon_0p50deg.nc,ECCO_L4_MIXED_LAYER_DEPTH_05DEG_DAILY_V4R4,ECCO Ocean Mixed Layer Depth - Daily Mean 0.5 Degree (Version 4 release 4),ECCO_L4_MIXED_LAYER_DEPTH_05DEG_DAILY_V4R4,PODAAC-ECG5D-OML44,"This dataset provides daily average ocean mixed layer depth interpolated to a regular 0.5-degree grid as one component of a suite of ocean state estimates computed in ECCO Version 4 revision 4. ""Estimating the Circulation and Climate of the Ocean"" (ECCO) is a data assimilating model that produces optimized estimates of ocean state and flux. ECCO Version 4 release 4 (V4r4) constrains a global circulation model (MITgcm^) with diverse datasets that include satellite altimetry products like sea surface height (SSH); data derived from observations of earth’s gravity field like ocean bottom pressure (OBP); observations from diverse in situ sources like Argo, CTD, XBT, ITP, APB, Glider, and TAO mooring temperature and salinity; and numerous other datasets. ECCO V4r4 is the first of the model’s multi-decadal ocean state estimates to cover the Arctic Ocean and provide truly global coverage. It’s also the first to assimilate observations from GRACE (ocean bottom pressure) and Aquarius (sea surface salinity), and the first covering 2016 and 2017. This release represents the 25 year period from 1992 to 2017.",OPEN,N,ECCO,8/15/2020,V4r4,file:///store/ecco/open/L4/V4/R4/half_deg_grid_lat_lon/mixed_layer_depth/daily,ARCHIVE-OPEN
MIXED_LAYER_DEPTH_mon_mean_1992-01_ECCO_V4r4_latlon_0p50deg.nc,ECCO_L4_MIXED_LAYER_DEPTH_05DEG_MONTHLY_V4R4,ECCO Ocean Mixed Layer Depth - Monthly Mean 0.5 Degree (Version 4 release 4),ECCO_L4_MIXED_LAYER_DEPTH_05DEG_MONTHLY_V4R4,PODAAC-ECG5M-OML44,"This dataset provides monthly average ocean mixed layer depth interpolated to a regular 0.5-degree grid as one component of a suite of ocean state estimates computed in ECCO Version 4 revision 4. ""Estimating the Circulation and Climate of the Ocean"" (ECCO) is a data assimilating model that produces optimized estimates of ocean state and flux. ECCO Version 4 release 4 (V4r4) constrains a global circulation model (MITgcm^) with diverse datasets that include satellite altimetry products like sea surface height (SSH); data derived from observations of earth’s gravity field like ocean bottom pressure (OBP); observations from diverse in situ sources like Argo, CTD, XBT, ITP, APB, Glider, and TAO mooring temperature and salinity; and numerous other datasets. ECCO V4r4 is the first of the model’s multi-decadal ocean state estimates to cover the Arctic Ocean and provide truly global coverage. It’s also the first to assimilate observations from GRACE (ocean bottom pressure) and Aquarius (sea surface salinity), and the first covering 2016 and 2017. This release represents the 25 year period from 1992 to 2017.",OPEN,N,ECCO,8/15/2020,V4r4,file:///store/ecco/open/L4/V4/R4/half_deg_grid_lat_lon/mixed_layer_depth/monthly,ARCHIVE-OPEN
MIXED_LAYER_DEPTH_snap_1992-01-01T000000_ECCO_V4r4_native_llc0090.nc,ECCO_L4_MIXED_LAYER_DEPTH_LLC0090GRID_SNAPSHOT_V4R4,ECCO Ocean Mixed Layer Depth - Snapshot llc90 Grid (Version 4 release 4),ECCO_L4_MIXED_LAYER_DEPTH_LLC0090GRID_SNAPSHOT_V4R4,PODAAC-ECL5S-OML44,"This dataset provides a snapshot of  ocean mixed layer depth on the native Lat-Lon-Cap 90 (LLC90) grid used for data assimilation as one component of a suite of ocean state estimates computed in ECCO Version 4 revision 4. ""Estimating the Circulation and Climate of the Ocean"" (ECCO) is a data assimilating model that produces optimized estimates of ocean state and flux. ECCO Version 4 release 4 (V4r4) constrains a global circulation model (MITgcm^) with diverse datasets that include satellite altimetry products like sea surface height (SSH); data derived from observations of earth’s gravity field like ocean bottom pressure (OBP); observations from diverse in situ sources like Argo, CTD, XBT, ITP, APB, Glider, and TAO mooring temperature and salinity; and numerous other datasets. ECCO V4r4 is the first of the model’s multi-decadal ocean state estimates to cover the Arctic Ocean and provide truly global coverage. It’s also the first to assimilate observations from GRACE (ocean bottom pressure) and Aquarius (sea surface salinity), and the first covering 2016 and 2017. This release represents the 25 year period from 1992 to 2017.",OPEN,N,ECCO,8/15/2020,V4r4,file:///store/ecco/open/L4/V4/R4/native_grid_llc0090/mixed_layer_depth/snapshot,ARCHIVE-OPEN
MIXED_LAYER_DEPTH_day_mean_1992-01-01_ECCO_V4r4_native_llc0090.nc,ECCO_L4_MIXED_LAYER_DEPTH_LLC0090GRID_DAILY_V4R4,ECCO Ocean Mixed Layer Depth - Daily Mean llc90 Grid (Version 4 release 4),ECCO_L4_MIXED_LAYER_DEPTH_LLC0090GRID_DAILY_V4R4,PODAAC-ECL5D-OML44,"This dataset provides daily average ocean mixed layer depth on the native Lat-Lon-Cap 90 (LLC90) grid used for data assimilation as one component of a suite of ocean state estimates computed in ECCO Version 4 revision 4. ""Estimating the Circulation and Climate of the Ocean"" (ECCO) is a data assimilating model that produces optimized estimates of ocean state and flux. ECCO Version 4 release 4 (V4r4) constrains a global circulation model (MITgcm^) with diverse datasets that include satellite altimetry products like sea surface height (SSH); data derived from observations of earth’s gravity field like ocean bottom pressure (OBP); observations from diverse in situ sources like Argo, CTD, XBT, ITP, APB, Glider, and TAO mooring temperature and salinity; and numerous other datasets. ECCO V4r4 is the first of the model’s multi-decadal ocean state estimates to cover the Arctic Ocean and provide truly global coverage. It’s also the first to assimilate observations from GRACE (ocean bottom pressure) and Aquarius (sea surface salinity), and the first covering 2016 and 2017. This release represents the 25 year period from 1992 to 2017.",OPEN,N,ECCO,8/15/2020,V4r4,file:///store/ecco/open/L4/V4/R4/native_grid_llc0090/mixed_layer_depth/daily,ARCHIVE-OPEN
MIXED_LAYER_DEPTH_mon_mean_1992-01_ECCO_V4r4_native_llc0090.nc,ECCO_L4_MIXED_LAYER_DEPTH_LLC0090GRID_MONTHLY_V4R4,ECCO Ocean Mixed Layer Depth - Monthly Mean llc90 Grid (Version 4 release 4),ECCO_L4_MIXED_LAYER_DEPTH_LLC0090GRID_MONTHLY_V4R4,PODAAC-ECL5M-OML44,"This dataset provides monthly average ocean mixed layer depth on the native Lat-Lon-Cap 90 (LLC90) grid used for data assimilation as one component of a suite of ocean state estimates computed in ECCO Version 4 revision 4. ""Estimating the Circulation and Climate of the Ocean"" (ECCO) is a data assimilating model that produces optimized estimates of ocean state and flux. ECCO Version 4 release 4 (V4r4) constrains a global circulation model (MITgcm^) with diverse datasets that include satellite altimetry products like sea surface height (SSH); data derived from observations of earth’s gravity field like ocean bottom pressure (OBP); observations from diverse in situ sources like Argo, CTD, XBT, ITP, APB, Glider, and TAO mooring temperature and salinity; and numerous other datasets. ECCO V4r4 is the first of the model’s multi-decadal ocean state estimates to cover the Arctic Ocean and provide truly global coverage. It’s also the first to assimilate observations from GRACE (ocean bottom pressure) and Aquarius (sea surface salinity), and the first covering 2016 and 2017. This release represents the 25 year period from 1992 to 2017.",OPEN,N,ECCO,8/15/2020,V4r4,file:///store/ecco/open/L4/V4/R4/native_grid_llc0090/mixed_layer_depth/monthly,ARCHIVE-OPEN
OCEAN_TEMPERATURE_AND_SALT_day_mean_1992-01-01_ECCO_V4r4_latlon_0p50deg.nc,ECCO_L4_OCEAN_TEMP_SALINITY_05DEG_DAILY_V4R4,ECCO Ocean Temperature and Salinity - Daily Mean 0.5 Degree (Version 4 release 4),ECCO_L4_OCEAN_TEMP_SALINITY_05DEG_DAILY_V4R4,PODAAC-ECG5D-OTS44,"This dataset provides daily average ocean temperature and salinity interpolated to a regular 0.5-degree grid as one component of a suite of ocean state estimates computed in ECCO Version 4 revision 4. ""Estimating the Circulation and Climate of the Ocean"" (ECCO) is a data assimilating model that produces optimized estimates of ocean state and flux. ECCO Version 4 release 4 (V4r4) constrains a global circulation model (MITgcm^) with diverse datasets that include satellite altimetry products like sea surface height (SSH); data derived from observations of earth’s gravity field like ocean bottom pressure (OBP); observations from diverse in situ sources like Argo, CTD, XBT, ITP, APB, Glider, and TAO mooring temperature and salinity; and numerous other datasets. ECCO V4r4 is the first of the model’s multi-decadal ocean state estimates to cover the Arctic Ocean and provide truly global coverage. It’s also the first to assimilate observations from GRACE (ocean bottom pressure) and Aquarius (sea surface salinity), and the first covering 2016 and 2017. This release represents the 25 year period from 1992 to 2017.",OPEN,N,ECCO,8/15/2020,V4r4,file:///store/ecco/open/L4/V4/R4/half_deg_grid_lat_lon/ocean_temp_salinity/daily,ARCHIVE-OPEN
OCEAN_TEMPERATURE_AND_SALT_mon_mean_1992-01_ECCO_V4r4_latlon_0p50deg.nc,ECCO_L4_OCEAN_TEMP_SALINITY_05DEG_MONTHLY_V4R4,ECCO Ocean Temperature and Salinity - Monthly Mean 0.5 Degree (Version 4 release 4),ECCO_L4_OCEAN_TEMP_SALINITY_05DEG_MONTHLY_V4R4,PODAAC-ECG5M-OTS44,"This dataset provides monthly average ocean temperature and salinity interpolated to a regular 0.5-degree grid as one component of a suite of ocean state estimates computed in ECCO Version 4 revision 4. ""Estimating the Circulation and Climate of the Ocean"" (ECCO) is a data assimilating model that produces optimized estimates of ocean state and flux. ECCO Version 4 release 4 (V4r4) constrains a global circulation model (MITgcm^) with diverse datasets that include satellite altimetry products like sea surface height (SSH); data derived from observations of earth’s gravity field like ocean bottom pressure (OBP); observations from diverse in situ sources like Argo, CTD, XBT, ITP, APB, Glider, and TAO mooring temperature and salinity; and numerous other datasets. ECCO V4r4 is the first of the model’s multi-decadal ocean state estimates to cover the Arctic Ocean and provide truly global coverage. It’s also the first to assimilate observations from GRACE (ocean bottom pressure) and Aquarius (sea surface salinity), and the first covering 2016 and 2017. This release represents the 25 year period from 1992 to 2017.",OPEN,N,ECCO,8/15/2020,V4r4,file:///store/ecco/open/L4/V4/R4/half_deg_grid_lat_lon/ocean_temp_salinity/monthly,ARCHIVE-OPEN
OCEAN_TEMPERATURE_AND_SALT_snap_1992-01-01T000000_ECCO_V4r4_native_llc0090.nc,ECCO_L4_OCEAN_TEMP_SALINITY_LLC0090GRID_SNAPSHOT_V4R4,ECCO Ocean Temperature and Salinity - Snapshot llc90 Grid (Version 4 release 4),ECCO_L4_OCEAN_TEMP_SALINITY_LLC0090GRID_SNAPSHOT_V4R4,PODAAC-ECL5S-OTS44,"This dataset provides a snapshot of  ocean temperature and salinity on the native Lat-Lon-Cap 90 (LLC90) grid used for data assimilation as one component of a suite of ocean state estimates computed in ECCO Version 4 revision 4. ""Estimating the Circulation and Climate of the Ocean"" (ECCO) is a data assimilating model that produces optimized estimates of ocean state and flux. ECCO Version 4 release 4 (V4r4) constrains a global circulation model (MITgcm^) with diverse datasets that include satellite altimetry products like sea surface height (SSH); data derived from observations of earth’s gravity field like ocean bottom pressure (OBP); observations from diverse in situ sources like Argo, CTD, XBT, ITP, APB, Glider, and TAO mooring temperature and salinity; and numerous other datasets. ECCO V4r4 is the first of the model’s multi-decadal ocean state estimates to cover the Arctic Ocean and provide truly global coverage. It’s also the first to assimilate observations from GRACE (ocean bottom pressure) and Aquarius (sea surface salinity), and the first covering 2016 and 2017. This release represents the 25 year period from 1992 to 2017.",OPEN,N,ECCO,8/15/2020,V4r4,file:///store/ecco/open/L4/V4/R4/native_grid_llc0090/ocean_temp_salinity/snapshot,ARCHIVE-OPEN
OCEAN_TEMPERATURE_AND_SALT_day_mean_1992-01-01_ECCO_V4r4_native_llc0090.nc,ECCO_L4_OCEAN_TEMP_SALINITY_LLC0090GRID_DAILY_V4R4,ECCO Ocean Temperature and Salinity - Daily Mean llc90 Grid (Version 4 release 4),ECCO_L4_OCEAN_TEMP_SALINITY_LLC0090GRID_DAILY_V4R4,PODAAC-ECL5D-OTS44,"This dataset provides daily average ocean temperature and salinity on the native Lat-Lon-Cap 90 (LLC90) grid used for data assimilation as one component of a suite of ocean state estimates computed in ECCO Version 4 revision 4. ""Estimating the Circulation and Climate of the Ocean"" (ECCO) is a data assimilating model that produces optimized estimates of ocean state and flux. ECCO Version 4 release 4 (V4r4) constrains a global circulation model (MITgcm^) with diverse datasets that include satellite altimetry products like sea surface height (SSH); data derived from observations of earth’s gravity field like ocean bottom pressure (OBP); observations from diverse in situ sources like Argo, CTD, XBT, ITP, APB, Glider, and TAO mooring temperature and salinity; and numerous other datasets. ECCO V4r4 is the first of the model’s multi-decadal ocean state estimates to cover the Arctic Ocean and provide truly global coverage. It’s also the first to assimilate observations from GRACE (ocean bottom pressure) and Aquarius (sea surface salinity), and the first covering 2016 and 2017. This release represents the 25 year period from 1992 to 2017.",OPEN,N,ECCO,8/15/2020,V4r4,file:///store/ecco/open/L4/V4/R4/native_grid_llc0090/ocean_temp_salinity/daily,ARCHIVE-OPEN
OCEAN_TEMPERATURE_AND_SALT_mon_mean_1992-01_ECCO_V4r4_native_llc0090.nc,ECCO_L4_OCEAN_TEMP_SALINITY_LLC0090GRID_MONTHLY_V4R4,ECCO Ocean Temperature and Salinity - Monthly Mean llc90 Grid (Version 4 release 4),ECCO_L4_OCEAN_TEMP_SALINITY_LLC0090GRID_MONTHLY_V4R4,PODAAC-ECL5M-OTS44,"This dataset provides monthly average ocean temperature and salinity on the native Lat-Lon-Cap 90 (LLC90) grid used for data assimilation as one component of a suite of ocean state estimates computed in ECCO Version 4 revision 4. ""Estimating the Circulation and Climate of the Ocean"" (ECCO) is a data assimilating model that produces optimized estimates of ocean state and flux. ECCO Version 4 release 4 (V4r4) constrains a global circulation model (MITgcm^) with diverse datasets that include satellite altimetry products like sea surface height (SSH); data derived from observations of earth’s gravity field like ocean bottom pressure (OBP); observations from diverse in situ sources like Argo, CTD, XBT, ITP, APB, Glider, and TAO mooring temperature and salinity; and numerous other datasets. ECCO V4r4 is the first of the model’s multi-decadal ocean state estimates to cover the Arctic Ocean and provide truly global coverage. It’s also the first to assimilate observations from GRACE (ocean bottom pressure) and Aquarius (sea surface salinity), and the first covering 2016 and 2017. This release represents the 25 year period from 1992 to 2017.",OPEN,N,ECCO,8/15/2020,V4r4,file:///store/ecco/open/L4/V4/R4/native_grid_llc0090/ocean_temp_salinity/monthly,ARCHIVE-OPEN
OCEAN_VELOCITY_day_mean_1992-01-01_ECCO_V4r4_latlon_0p50deg.nc,ECCO_L4_OCEAN_VEL_05DEG_DAILY_V4R4,ECCO Ocean Velocity - Daily Mean 0.5 Degree (Version 4 release 4),ECCO_L4_OCEAN_VEL_05DEG_DAILY_V4R4,PODAAC-ECG5D-OVE44,"This dataset provides daily average ocean velocity interpolated to a regular 0.5-degree grid as one component of a suite of ocean state estimates computed in ECCO Version 4 revision 4. ""Estimating the Circulation and Climate of the Ocean"" (ECCO) is a data assimilating model that produces optimized estimates of ocean state and flux. ECCO Version 4 release 4 (V4r4) constrains a global circulation model (MITgcm^) with diverse datasets that include satellite altimetry products like sea surface height (SSH); data derived from observations of earth’s gravity field like ocean bottom pressure (OBP); observations from diverse in situ sources like Argo, CTD, XBT, ITP, APB, Glider, and TAO mooring temperature and salinity; and numerous other datasets. ECCO V4r4 is the first of the model’s multi-decadal ocean state estimates to cover the Arctic Ocean and provide truly global coverage. It’s also the first to assimilate observations from GRACE (ocean bottom pressure) and Aquarius (sea surface salinity), and the first covering 2016 and 2017. This release represents the 25 year period from 1992 to 2017.",OPEN,N,ECCO,8/15/2020,V4r4,file:///store/ecco/open/L4/V4/R4/half_deg_grid_lat_lon/velocity/daily,ARCHIVE-OPEN
OCEAN_VELOCITY_mon_mean_1992-01_ECCO_V4r4_latlon_0p50deg.nc,ECCO_L4_OCEAN_VEL_05DEG_MONTHLY_V4R4,ECCO Ocean Velocity - Monthly Mean 0.5 Degree (Version 4 release 4),ECCO_L4_OCEAN_VEL_05DEG_MONTHLY_V4R4,PODAAC-ECG5M-OVE44,"This dataset provides monthly average ocean velocity interpolated to a regular 0.5-degree grid as one component of a suite of ocean state estimates computed in ECCO Version 4 revision 4. ""Estimating the Circulation and Climate of the Ocean"" (ECCO) is a data assimilating model that produces optimized estimates of ocean state and flux. ECCO Version 4 release 4 (V4r4) constrains a global circulation model (MITgcm^) with diverse datasets that include satellite altimetry products like sea surface height (SSH); data derived from observations of earth’s gravity field like ocean bottom pressure (OBP); observations from diverse in situ sources like Argo, CTD, XBT, ITP, APB, Glider, and TAO mooring temperature and salinity; and numerous other datasets. ECCO V4r4 is the first of the model’s multi-decadal ocean state estimates to cover the Arctic Ocean and provide truly global coverage. It’s also the first to assimilate observations from GRACE (ocean bottom pressure) and Aquarius (sea surface salinity), and the first covering 2016 and 2017. This release represents the 25 year period from 1992 to 2017.",OPEN,N,ECCO,8/15/2020,V4r4,file:///store/ecco/open/L4/V4/R4/half_deg_grid_lat_lon/velocity/monthly,ARCHIVE-OPEN
OCEAN_VELOCITY_snap_1992-01-01T000000_ECCO_V4r4_native_llc0090.nc,ECCO_L4_OCEAN_VEL_LLC0090GRID_SNAPSHOT_V4R4,ECCO Ocean Velocity - Snapshot llc90 Grid (Version 4 release 4),ECCO_L4_OCEAN_VEL_LLC0090GRID_SNAPSHOT_V4R4,PODAAC-ECL5S-OVE44,"This dataset provides a snapshot of  ocean velocity on the native Lat-Lon-Cap 90 (LLC90) grid used for data assimilation as one component of a suite of ocean state estimates computed in ECCO Version 4 revision 4. ""Estimating the Circulation and Climate of the Ocean"" (ECCO) is a data assimilating model that produces optimized estimates of ocean state and flux. ECCO Version 4 release 4 (V4r4) constrains a global circulation model (MITgcm^) with diverse datasets that include satellite altimetry products like sea surface height (SSH); data derived from observations of earth’s gravity field like ocean bottom pressure (OBP); observations from diverse in situ sources like Argo, CTD, XBT, ITP, APB, Glider, and TAO mooring temperature and salinity; and numerous other datasets. ECCO V4r4 is the first of the model’s multi-decadal ocean state estimates to cover the Arctic Ocean and provide truly global coverage. It’s also the first to assimilate observations from GRACE (ocean bottom pressure) and Aquarius (sea surface salinity), and the first covering 2016 and 2017. This release represents the 25 year period from 1992 to 2017.",OPEN,N,ECCO,8/15/2020,V4r4,file:///store/ecco/open/L4/V4/R4/native_grid_llc0090/velocity/snapshot,ARCHIVE-OPEN
OCEAN_VELOCITY_day_mean_1992-01-01_ECCO_V4r4_native_llc0090.nc,ECCO_L4_OCEAN_VEL_LLC0090GRID_DAILY_V4R4,ECCO Ocean Velocity - Daily Mean llc90 Grid (Version 4 release 4),ECCO_L4_OCEAN_VEL_LLC0090GRID_DAILY_V4R4,PODAAC-ECL5D-OVE44,"This dataset provides daily average ocean velocity on the native Lat-Lon-Cap 90 (LLC90) grid used for data assimilation as one component of a suite of ocean state estimates computed in ECCO Version 4 revision 4. ""Estimating the Circulation and Climate of the Ocean"" (ECCO) is a data assimilating model that produces optimized estimates of ocean state and flux. ECCO Version 4 release 4 (V4r4) constrains a global circulation model (MITgcm^) with diverse datasets that include satellite altimetry products like sea surface height (SSH); data derived from observations of earth’s gravity field like ocean bottom pressure (OBP); observations from diverse in situ sources like Argo, CTD, XBT, ITP, APB, Glider, and TAO mooring temperature and salinity; and numerous other datasets. ECCO V4r4 is the first of the model’s multi-decadal ocean state estimates to cover the Arctic Ocean and provide truly global coverage. It’s also the first to assimilate observations from GRACE (ocean bottom pressure) and Aquarius (sea surface salinity), and the first covering 2016 and 2017. This release represents the 25 year period from 1992 to 2017.",OPEN,N,ECCO,8/15/2020,V4r4,file:///store/ecco/open/L4/V4/R4/native_grid_llc0090/velocity/daily,ARCHIVE-OPEN
OCEAN_VELOCITY_mon_mean_1992-01_ECCO_V4r4_native_llc0090.nc,ECCO_L4_OCEAN_VEL_LLC0090GRID_MONTHLY_V4R4,ECCO Ocean Velocity - Monthly Mean llc90 Grid (Version 4 release 4),ECCO_L4_OCEAN_VEL_LLC0090GRID_MONTHLY_V4R4,PODAAC-ECL5M-OVE44,"This dataset provides monthly average ocean velocity on the native Lat-Lon-Cap 90 (LLC90) grid used for data assimilation as one component of a suite of ocean state estimates computed in ECCO Version 4 revision 4. ""Estimating the Circulation and Climate of the Ocean"" (ECCO) is a data assimilating model that produces optimized estimates of ocean state and flux. ECCO Version 4 release 4 (V4r4) constrains a global circulation model (MITgcm^) with diverse datasets that include satellite altimetry products like sea surface height (SSH); data derived from observations of earth’s gravity field like ocean bottom pressure (OBP); observations from diverse in situ sources like Argo, CTD, XBT, ITP, APB, Glider, and TAO mooring temperature and salinity; and numerous other datasets. ECCO V4r4 is the first of the model’s multi-decadal ocean state estimates to cover the Arctic Ocean and provide truly global coverage. It’s also the first to assimilate observations from GRACE (ocean bottom pressure) and Aquarius (sea surface salinity), and the first covering 2016 and 2017. This release represents the 25 year period from 1992 to 2017.",OPEN,N,ECCO,8/15/2020,V4r4,file:///store/ecco/open/L4/V4/R4/native_grid_llc0090/velocity/monthly,ARCHIVE-OPEN
SEA_ICE_AND_SNOW_day_mean_1992-01-01_ECCO_V4r4_latlon_0p50deg.nc,ECCO_L4_SEA_ICE_CONCENTRATION_05DEG_DAILY_V4R4,"ECCO Sea-Ice Concentration, Thickness, and Velocity and Snow Thickness - Daily Mean 0.5 Degree (Version 4 release 4)",ECCO_L4_SEA_ICE_CONCENTRATION_05DEG_DAILY_V4R4,PODAAC-ECG5D-ICO44,"This dataset provides daily average sea-ice parameters interpolated to a regular 0.5-degree grid as one component of a suite of ocean state estimates computed in ECCO Version 4 revision 4. ""Estimating the Circulation and Climate of the Ocean"" (ECCO) is a data assimilating model that produces optimized estimates of ocean state and flux. ECCO Version 4 release 4 (V4r4) constrains a global circulation model (MITgcm^) with diverse datasets that include satellite altimetry products like sea surface height (SSH); data derived from observations of earth’s gravity field like ocean bottom pressure (OBP); observations from diverse in situ sources like Argo, CTD, XBT, ITP, APB, Glider, and TAO mooring temperature and salinity; and numerous other datasets. ECCO V4r4 is the first of the model’s multi-decadal ocean state estimates to cover the Arctic Ocean and provide truly global coverage. It’s also the first to assimilate observations from GRACE (ocean bottom pressure) and Aquarius (sea surface salinity), and the first covering 2016 and 2017. This release represents the 25 year period from 1992 to 2017.",OPEN,N,ECCO,8/15/2020,V4r4,file:///store/ecco/open/L4/V4/R4/half_deg_grid_lat_lon/sea_ice_concentration/daily,ARCHIVE-OPEN
SEA_ICE_AND_SNOW_mon_mean_1992-01_ECCO_V4r4_latlon_0p50deg.nc,ECCO_L4_SEA_ICE_CONCENTRATION_05DEG_MONTHLY_V4R4,"ECCO Sea-Ice Concentration, Thickness, and Velocity and Snow Thickness - Monthly Mean 0.5 Degree (Version 4 release 4)",ECCO_L4_SEA_ICE_CONCENTRATION_05DEG_MONTHLY_V4R4,PODAAC-ECG5M-ICO44,"This dataset provides monthly average sea-ice parameters interpolated to a regular 0.5-degree grid as one component of a suite of ocean state estimates computed in ECCO Version 4 revision 4. ""Estimating the Circulation and Climate of the Ocean"" (ECCO) is a data assimilating model that produces optimized estimates of ocean state and flux. ECCO Version 4 release 4 (V4r4) constrains a global circulation model (MITgcm^) with diverse datasets that include satellite altimetry products like sea surface height (SSH); data derived from observations of earth’s gravity field like ocean bottom pressure (OBP); observations from diverse in situ sources like Argo, CTD, XBT, ITP, APB, Glider, and TAO mooring temperature and salinity; and numerous other datasets. ECCO V4r4 is the first of the model’s multi-decadal ocean state estimates to cover the Arctic Ocean and provide truly global coverage. It’s also the first to assimilate observations from GRACE (ocean bottom pressure) and Aquarius (sea surface salinity), and the first covering 2016 and 2017. This release represents the 25 year period from 1992 to 2017.",OPEN,N,ECCO,8/15/2020,V4r4,file:///store/ecco/open/L4/V4/R4/half_deg_grid_lat_lon/sea_ice_concentration/monthly,ARCHIVE-OPEN
SEA_ICE_AND_SNOW_snap_1992-01-01T000000_ECCO_V4r4_native_llc0090.nc,ECCO_L4_SEA_ICE_CONCENTRATION_LLC0090GRID_SNAPSHOT_V4R4,"ECCO Sea-Ice Concentration, Thickness, and Velocity and Snow Thickness - Snapshot llc90 Grid (Version 4 release 4)",ECCO_L4_SEA_ICE_CONCENTRATION_LLC0090GRID_SNAPSHOT_V4R4,PODAAC-ECL5S-ICO44,"This dataset provides a snapshot of  sea-ice parameters on the native Lat-Lon-Cap 90 (LLC90) grid used for data assimilation as one component of a suite of ocean state estimates computed in ECCO Version 4 revision 4. ""Estimating the Circulation and Climate of the Ocean"" (ECCO) is a data assimilating model that produces optimized estimates of ocean state and flux. ECCO Version 4 release 4 (V4r4) constrains a global circulation model (MITgcm^) with diverse datasets that include satellite altimetry products like sea surface height (SSH); data derived from observations of earth’s gravity field like ocean bottom pressure (OBP); observations from diverse in situ sources like Argo, CTD, XBT, ITP, APB, Glider, and TAO mooring temperature and salinity; and numerous other datasets. ECCO V4r4 is the first of the model’s multi-decadal ocean state estimates to cover the Arctic Ocean and provide truly global coverage. It’s also the first to assimilate observations from GRACE (ocean bottom pressure) and Aquarius (sea surface salinity), and the first covering 2016 and 2017. This release represents the 25 year period from 1992 to 2017.",OPEN,N,ECCO,8/15/2020,V4r4,file:///store/ecco/open/L4/V4/R4/native_grid_llc0090/sea_ice_concentration/snapshot,ARCHIVE-OPEN
SEA_ICE_AND_SNOW_day_mean_1992-01-01_ECCO_V4r4_native_llc0090.nc,ECCO_L4_SEA_ICE_CONCENTRATION_LLC0090GRID_DAILY_V4R4,"ECCO Sea-Ice Concentration, Thickness, and Velocity and Snow Thickness - Daily Mean llc90 Grid (Version 4 release 4)",ECCO_L4_SEA_ICE_CONCENTRATION_LLC0090GRID_DAILY_V4R4,PODAAC-ECL5D-ICO44,"This dataset provides daily average sea-ice parameters on the native Lat-Lon-Cap 90 (LLC90) grid used for data assimilation as one component of a suite of ocean state estimates computed in ECCO Version 4 revision 4. ""Estimating the Circulation and Climate of the Ocean"" (ECCO) is a data assimilating model that produces optimized estimates of ocean state and flux. ECCO Version 4 release 4 (V4r4) constrains a global circulation model (MITgcm^) with diverse datasets that include satellite altimetry products like sea surface height (SSH); data derived from observations of earth’s gravity field like ocean bottom pressure (OBP); observations from diverse in situ sources like Argo, CTD, XBT, ITP, APB, Glider, and TAO mooring temperature and salinity; and numerous other datasets. ECCO V4r4 is the first of the model’s multi-decadal ocean state estimates to cover the Arctic Ocean and provide truly global coverage. It’s also the first to assimilate observations from GRACE (ocean bottom pressure) and Aquarius (sea surface salinity), and the first covering 2016 and 2017. This release represents the 25 year period from 1992 to 2017.",OPEN,N,ECCO,8/15/2020,V4r4,file:///store/ecco/open/L4/V4/R4/native_grid_llc0090/sea_ice_concentration/daily,ARCHIVE-OPEN
SEA_ICE_AND_SNOW_mon_mean_1992-01_ECCO_V4r4_native_llc0090.nc,ECCO_L4_SEA_ICE_CONCENTRATION_LLC0090GRID_MONTHLY_V4R4,"ECCO Sea-Ice Concentration, Thickness, and Velocity and Snow Thickness - Monthly Mean llc90 Grid (Version 4 release 4)",ECCO_L4_SEA_ICE_CONCENTRATION_LLC0090GRID_MONTHLY_V4R4,PODAAC-ECL5M-ICO44,"This dataset provides monthly average sea-ice parameters on the native Lat-Lon-Cap 90 (LLC90) grid used for data assimilation as one component of a suite of ocean state estimates computed in ECCO Version 4 revision 4. ""Estimating the Circulation and Climate of the Ocean"" (ECCO) is a data assimilating model that produces optimized estimates of ocean state and flux. ECCO Version 4 release 4 (V4r4) constrains a global circulation model (MITgcm^) with diverse datasets that include satellite altimetry products like sea surface height (SSH); data derived from observations of earth’s gravity field like ocean bottom pressure (OBP); observations from diverse in situ sources like Argo, CTD, XBT, ITP, APB, Glider, and TAO mooring temperature and salinity; and numerous other datasets. ECCO V4r4 is the first of the model’s multi-decadal ocean state estimates to cover the Arctic Ocean and provide truly global coverage. It’s also the first to assimilate observations from GRACE (ocean bottom pressure) and Aquarius (sea surface salinity), and the first covering 2016 and 2017. This release represents the 25 year period from 1992 to 2017.",OPEN,N,ECCO,8/15/2020,V4r4,file:///store/ecco/open/L4/V4/R4/native_grid_llc0090/sea_ice_concentration/monthly,ARCHIVE-OPEN
SEA_SURFACE_HEIGHT_day_mean_1992-01-01_ECCO_V4r4_latlon_0p50deg.nc,ECCO_L4_SSH_05DEG_DAILY_V4R4,ECCO Sea Surface Height - Daily Mean 0.5 Degree (Version 4 release 4),ECCO_L4_SSH_05DEG_DAILY_V4R4,PODAAC-ECG5D-SSH44,"This dataset provides daily average sea surface height interpolated to a regular 0.5-degree grid as one component of a suite of ocean state estimates computed in ECCO Version 4 revision 4. ""Estimating the Circulation and Climate of the Ocean"" (ECCO) is a data assimilating model that produces optimized estimates of ocean state and flux. ECCO Version 4 release 4 (V4r4) constrains a global circulation model (MITgcm^) with diverse datasets that include satellite altimetry products like sea surface height (SSH); data derived from observations of earth’s gravity field like ocean bottom pressure (OBP); observations from diverse in situ sources like Argo, CTD, XBT, ITP, APB, Glider, and TAO mooring temperature and salinity; and numerous other datasets. ECCO V4r4 is the first of the model’s multi-decadal ocean state estimates to cover the Arctic Ocean and provide truly global coverage. It’s also the first to assimilate observations from GRACE (ocean bottom pressure) and Aquarius (sea surface salinity), and the first covering 2016 and 2017. This release represents the 25 year period from 1992 to 2017.",OPEN,N,ECCO,8/15/2020,V4r4,file:///store/ecco/open/L4/V4/R4/half_deg_grid_lat_lon/ssh/daily,ARCHIVE-OPEN
SEA_SURFACE_HEIGHT_mon_mean_1992-01_ECCO_V4r4_latlon_0p50deg.nc,ECCO_L4_SSH_05DEG_MONTHLY_V4R4,ECCO Sea Surface Height - Monthly Mean 0.5 Degree (Version 4 release 4),ECCO_L4_SSH_05DEG_MONTHLY_V4R4,PODAAC-ECG5M-SSH44,"This dataset provides monthly average sea surface height interpolated to a regular 0.5-degree grid as one component of a suite of ocean state estimates computed in ECCO Version 4 revision 4. ""Estimating the Circulation and Climate of the Ocean"" (ECCO) is a data assimilating model that produces optimized estimates of ocean state and flux. ECCO Version 4 release 4 (V4r4) constrains a global circulation model (MITgcm^) with diverse datasets that include satellite altimetry products like sea surface height (SSH); data derived from observations of earth’s gravity field like ocean bottom pressure (OBP); observations from diverse in situ sources like Argo, CTD, XBT, ITP, APB, Glider, and TAO mooring temperature and salinity; and numerous other datasets. ECCO V4r4 is the first of the model’s multi-decadal ocean state estimates to cover the Arctic Ocean and provide truly global coverage. It’s also the first to assimilate observations from GRACE (ocean bottom pressure) and Aquarius (sea surface salinity), and the first covering 2016 and 2017. This release represents the 25 year period from 1992 to 2017.",OPEN,N,ECCO,8/15/2020,V4r4,file:///store/ecco/open/L4/V4/R4/half_deg_grid_lat_lon/ssh/monthly,ARCHIVE-OPEN
SEA_SURFACE_HEIGHT_snap_1992-01-01T000000_ECCO_V4r4_native_llc0090.nc,ECCO_L4_SSH_LLC0090GRID_SNAPSHOT_V4R4,ECCO Sea Surface Height - Snapshot llc90 Grid (Version 4 release 4),ECCO_L4_SSH_LLC0090GRID_SNAPSHOT_V4R4,PODAAC-ECL5S-SSH44,"This dataset provides a snapshot of  sea surface height on the native Lat-Lon-Cap 90 (LLC90) grid used for data assimilation as one component of a suite of ocean state estimates computed in ECCO Version 4 revision 4. ""Estimating the Circulation and Climate of the Ocean"" (ECCO) is a data assimilating model that produces optimized estimates of ocean state and flux. ECCO Version 4 release 4 (V4r4) constrains a global circulation model (MITgcm^) with diverse datasets that include satellite altimetry products like sea surface height (SSH); data derived from observations of earth’s gravity field like ocean bottom pressure (OBP); observations from diverse in situ sources like Argo, CTD, XBT, ITP, APB, Glider, and TAO mooring temperature and salinity; and numerous other datasets. ECCO V4r4 is the first of the model’s multi-decadal ocean state estimates to cover the Arctic Ocean and provide truly global coverage. It’s also the first to assimilate observations from GRACE (ocean bottom pressure) and Aquarius (sea surface salinity), and the first covering 2016 and 2017. This release represents the 25 year period from 1992 to 2017.",OPEN,N,ECCO,8/15/2020,V4r4,file:///store/ecco/open/L4/V4/R4/native_grid_llc0090/ssh/snapshot,ARCHIVE-OPEN
SEA_SURFACE_HEIGHT_day_mean_1992-01-01_ECCO_V4r4_native_llc0090.nc,ECCO_L4_SSH_LLC0090GRID_DAILY_V4R4,ECCO Sea Surface Height - Daily Mean llc90 Grid (Version 4 release 4),ECCO_L4_SSH_LLC0090GRID_DAILY_V4R4,PODAAC-ECL5D-SSH44,"This dataset provides daily average sea surface height on the native Lat-Lon-Cap 90 (LLC90) grid used for data assimilation as one component of a suite of ocean state estimates computed in ECCO Version 4 revision 4. ""Estimating the Circulation and Climate of the Ocean"" (ECCO) is a data assimilating model that produces optimized estimates of ocean state and flux. ECCO Version 4 release 4 (V4r4) constrains a global circulation model (MITgcm^) with diverse datasets that include satellite altimetry products like sea surface height (SSH); data derived from observations of earth’s gravity field like ocean bottom pressure (OBP); observations from diverse in situ sources like Argo, CTD, XBT, ITP, APB, Glider, and TAO mooring temperature and salinity; and numerous other datasets. ECCO V4r4 is the first of the model’s multi-decadal ocean state estimates to cover the Arctic Ocean and provide truly global coverage. It’s also the first to assimilate observations from GRACE (ocean bottom pressure) and Aquarius (sea surface salinity), and the first covering 2016 and 2017. This release represents the 25 year period from 1992 to 2017.",OPEN,N,ECCO,8/15/2020,V4r4,file:///store/ecco/open/L4/V4/R4/native_grid_llc0090/ssh/daily,ARCHIVE-OPEN
SEA_SURFACE_HEIGHT_mon_mean_1992-01_ECCO_V4r4_native_llc0090.nc,ECCO_L4_SSH_LLC0090GRID_MONTHLY_V4R4,ECCO Sea Surface Height - Monthly Mean llc90 Grid (Version 4 release 4),ECCO_L4_SSH_LLC0090GRID_MONTHLY_V4R4,PODAAC-ECL5M-SSH44,"This dataset provides monthly average sea surface height on the native Lat-Lon-Cap 90 (LLC90) grid used for data assimilation as one component of a suite of ocean state estimates computed in ECCO Version 4 revision 4. ""Estimating the Circulation and Climate of the Ocean"" (ECCO) is a data assimilating model that produces optimized estimates of ocean state and flux. ECCO Version 4 release 4 (V4r4) constrains a global circulation model (MITgcm^) with diverse datasets that include satellite altimetry products like sea surface height (SSH); data derived from observations of earth’s gravity field like ocean bottom pressure (OBP); observations from diverse in situ sources like Argo, CTD, XBT, ITP, APB, Glider, and TAO mooring temperature and salinity; and numerous other datasets. ECCO V4r4 is the first of the model’s multi-decadal ocean state estimates to cover the Arctic Ocean and provide truly global coverage. It’s also the first to assimilate observations from GRACE (ocean bottom pressure) and Aquarius (sea surface salinity), and the first covering 2016 and 2017. This release represents the 25 year period from 1992 to 2017.",OPEN,N,ECCO,8/15/2020,V4r4,file:///store/ecco/open/L4/V4/R4/native_grid_llc0090/ssh/monthly,ARCHIVE-OPEN
GLOBAL_MEAN_SEA_LEVEL_day_mean_1992-01-01_ECCO_V4r4_latlon_0p50deg.nc,ECCO_L4_GMSL_05DEG_DAILY_V4R4,ECCO Global Mean Sea Level - Daily Mean 0.5 Degree (Version 4 release 4),ECCO_L4_GMSL_05DEG_DAILY_V4R4,PODAAC-ECG5D-GMS44,"This dataset provides daily average global mean sea level interpolated to a regular 0.5-degree grid as one component of a suite of ocean state estimates computed in ECCO Version 4 revision 4. ""Estimating the Circulation and Climate of the Ocean"" (ECCO) is a data assimilating model that produces optimized estimates of ocean state and flux. ECCO Version 4 release 4 (V4r4) constrains a global circulation model (MITgcm^) with diverse datasets that include satellite altimetry products like sea surface height (SSH); data derived from observations of earth’s gravity field like ocean bottom pressure (OBP); observations from diverse in situ sources like Argo, CTD, XBT, ITP, APB, Glider, and TAO mooring temperature and salinity; and numerous other datasets. ECCO V4r4 is the first of the model’s multi-decadal ocean state estimates to cover the Arctic Ocean and provide truly global coverage. It’s also the first to assimilate observations from GRACE (ocean bottom pressure) and Aquarius (sea surface salinity), and the first covering 2016 and 2017. This release represents the 25 year period from 1992 to 2017.",OPEN,N,ECCO,8/15/2020,V4r4,file:///store/ecco/open/L4/V4/R4/half_deg_grid_lat_lon/gmsl/daily,ARCHIVE-OPEN
GLOBAL_MEAN_SEA_LEVEL_mon_mean_1992-01_ECCO_V4r4_latlon_0p50deg.nc,ECCO_L4_GMSL_05DEG_MONTHLY_V4R4,ECCO Global Mean Sea Level - Monthly Mean 0.5 Degree (Version 4 release 4),ECCO_L4_GMSL_05DEG_MONTHLY_V4R4,PODAAC-ECG5M-GMS44,"This dataset provides monthly average global mean sea level interpolated to a regular 0.5-degree grid as one component of a suite of ocean state estimates computed in ECCO Version 4 revision 4. ""Estimating the Circulation and Climate of the Ocean"" (ECCO) is a data assimilating model that produces optimized estimates of ocean state and flux. ECCO Version 4 release 4 (V4r4) constrains a global circulation model (MITgcm^) with diverse datasets that include satellite altimetry products like sea surface height (SSH); data derived from observations of earth’s gravity field like ocean bottom pressure (OBP); observations from diverse in situ sources like Argo, CTD, XBT, ITP, APB, Glider, and TAO mooring temperature and salinity; and numerous other datasets. ECCO V4r4 is the first of the model’s multi-decadal ocean state estimates to cover the Arctic Ocean and provide truly global coverage. It’s also the first to assimilate observations from GRACE (ocean bottom pressure) and Aquarius (sea surface salinity), and the first covering 2016 and 2017. This release represents the 25 year period from 1992 to 2017.",OPEN,N,ECCO,8/15/2020,V4r4,file:///store/ecco/open/L4/V4/R4/half_deg_grid_lat_lon/gmsl/monthly,ARCHIVE-OPEN
SURFACE_HEAT_FLUXES_snap_1992-01-01_ECCO_V4r4_native_llc0090.nc,ECCO_L4_GMSL_LLC0090GRID_SNAPSHOT_V4R4,ECCO Global Mean Sea Level - Snapshot llc90 Grid (Version 4 release 4),ECCO_L4_GMSL_LLC0090GRID_SNAPSHOT_V4R4,PODAAC-ECL5S-GMS44,"This dataset provides a snapshot of  global mean sea level on the native Lat-Lon-Cap 90 (LLC90) grid used for data assimilation as one component of a suite of ocean state estimates computed in ECCO Version 4 revision 4. ""Estimating the Circulation and Climate of the Ocean"" (ECCO) is a data assimilating model that produces optimized estimates of ocean state and flux. ECCO Version 4 release 4 (V4r4) constrains a global circulation model (MITgcm^) with diverse datasets that include satellite altimetry products like sea surface height (SSH); data derived from observations of earth’s gravity field like ocean bottom pressure (OBP); observations from diverse in situ sources like Argo, CTD, XBT, ITP, APB, Glider, and TAO mooring temperature and salinity; and numerous other datasets. ECCO V4r4 is the first of the model’s multi-decadal ocean state estimates to cover the Arctic Ocean and provide truly global coverage. It’s also the first to assimilate observations from GRACE (ocean bottom pressure) and Aquarius (sea surface salinity), and the first covering 2016 and 2017. This release represents the 25 year period from 1992 to 2017.",OPEN,N,ECCO,8/15/2020,V4r4,file:///store/ecco/open/L4/V4/R4/native_grid_llc0090/gmsl/snapshot,ARCHIVE-OPEN
GLOBAL_MEAN_SEA_LEVEL_day_mean_1992-01-01_ECCO_V4r4_native_llc0090.nc,ECCO_L4_GMSL_LLC0090GRID_DAILY_V4R4,ECCO Global Mean Sea Level - Daily Mean llc90 Grid (Version 4 release 4),ECCO_L4_GMSL_LLC0090GRID_DAILY_V4R4,PODAAC-ECL5D-GMS44,"This dataset provides daily average global mean sea level on the native Lat-Lon-Cap 90 (LLC90) grid used for data assimilation as one component of a suite of ocean state estimates computed in ECCO Version 4 revision 4. ""Estimating the Circulation and Climate of the Ocean"" (ECCO) is a data assimilating model that produces optimized estimates of ocean state and flux. ECCO Version 4 release 4 (V4r4) constrains a global circulation model (MITgcm^) with diverse datasets that include satellite altimetry products like sea surface height (SSH); data derived from observations of earth’s gravity field like ocean bottom pressure (OBP); observations from diverse in situ sources like Argo, CTD, XBT, ITP, APB, Glider, and TAO mooring temperature and salinity; and numerous other datasets. ECCO V4r4 is the first of the model’s multi-decadal ocean state estimates to cover the Arctic Ocean and provide truly global coverage. It’s also the first to assimilate observations from GRACE (ocean bottom pressure) and Aquarius (sea surface salinity), and the first covering 2016 and 2017. This release represents the 25 year period from 1992 to 2017.",OPEN,N,ECCO,8/15/2020,V4r4,file:///store/ecco/open/L4/V4/R4/native_grid_llc0090/gmsl/daily,ARCHIVE-OPEN
GLOBAL_MEAN_SEA_LEVEL_mon_mean_1992-01_ECCO_V4r4_native_llc0090.nc,ECCO_L4_GMSL_LLC0090GRID_MONTHLY_V4R4,ECCO Global Mean Sea Level - Monthly Mean llc90 Grid (Version 4 release 4),ECCO_L4_GMSL_LLC0090GRID_MONTHLY_V4R4,PODAAC-ECL5M-GMS44,"This dataset provides monthly average global mean sea level on the native Lat-Lon-Cap 90 (LLC90) grid used for data assimilation as one component of a suite of ocean state estimates computed in ECCO Version 4 revision 4. ""Estimating the Circulation and Climate of the Ocean"" (ECCO) is a data assimilating model that produces optimized estimates of ocean state and flux. ECCO Version 4 release 4 (V4r4) constrains a global circulation model (MITgcm^) with diverse datasets that include satellite altimetry products like sea surface height (SSH); data derived from observations of earth’s gravity field like ocean bottom pressure (OBP); observations from diverse in situ sources like Argo, CTD, XBT, ITP, APB, Glider, and TAO mooring temperature and salinity; and numerous other datasets. ECCO V4r4 is the first of the model’s multi-decadal ocean state estimates to cover the Arctic Ocean and provide truly global coverage. It’s also the first to assimilate observations from GRACE (ocean bottom pressure) and Aquarius (sea surface salinity), and the first covering 2016 and 2017. This release represents the 25 year period from 1992 to 2017.",OPEN,N,ECCO,8/15/2020,V4r4,file:///store/ecco/open/L4/V4/R4/native_grid_llc0090/gmsl/monthly,ARCHIVE-OPEN